file_id,file_name,md5sum,bytes,patient,sample,sample_id,sample_type,aliquot,workflow_version,annotations,status,paired_analysis
cab5b00a-9cf2-4e1f-b2f3-93d27b73631e,f48a9d85-c3c7-40bc-9215-760ba3b8fa60.rna_seq.augmented_star_gene_counts.tsv,5154d3e19c898832db7d8d0e19b736de,4218349,TCGA-38-4631,TCGA-38-4631-01A,13b0d336-205a-42ac-8a50-db0eb065013d,Primary Tumor,TCGA-38-4631-01A-01R-1755-07,eecca6e2e475aab335bd7c365025ca0d0daa144b,Prior malignancy,eligible,False
f6582ef5-5f6d-41d7-850a-614257c9e3b2,555b77b9-d686-4f0e-a099-25bd5715a5e9.rna_seq.augmented_star_gene_counts.tsv,5973bc51a6a328042482da09d2d9465d,4213848,TCGA-50-6597,TCGA-50-6597-01A,c5363830-3db9-4c0c-aa47-b32fdc888c60,Primary Tumor,TCGA-50-6597-01A-11R-1858-07,eecca6e2e475aab335bd7c365025ca0d0daa144b,Synchronous malignancy,eligible,False
4b2e6f07-59e6-47c0-85ea-1e73f3354a01,27e24fc6-af40-4152-8424-a9d365c717d9.rna_seq.augmented_star_gene_counts.tsv,c0062d3812c06633f6f9b9372e354ce8,4231730,TCGA-55-8511,TCGA-55-8511-01A,933577d0-75b1-4f9f-baa1-2dd1ab254fd2,Primary Tumor,TCGA-55-8511-01A-11R-2403-07,eecca6e2e475aab335bd7c365025ca0d0daa144b,Prior malignancy,eligible,False
8a898b7d-6f1b-4d2a-9f5d-0751ced1d7bf,da3718fb-d874-4469-a3fe-6ba6fa89676b.rna_seq.augmented_star_gene_counts.tsv,85f974d8960b4355be1844545895f0a3,4251615,TCGA-95-7947,TCGA-95-7947-01A,d7fa3625-5e16-4211-b96b-b36b91b3d491,Primary Tumor,TCGA-95-7947-01A-11R-2187-07,eecca6e2e475aab335bd7c365025ca0d0daa144b,Prior malignancy,eligible,False
2f6e63bb-17bd-4b53-8666-45c7159aa1f4,25212f64-8017-4b93-b171-10a830558566.rna_seq.augmented_star_gene_counts.tsv,3021a5584b5e58dd72257014c2898f85,4254049,TCGA-55-8090,TCGA-55-8090-01A,53a420fd-6e31-46ee-8ac6-b383f4305cd2,Primary Tumor,TCGA-55-8090-01A-11R-2241-07,eecca6e2e475aab335bd7c365025ca0d0daa144b,Synchronous malignancy,eligible,False
906a6a3f-91ce-4433-9a0d-e010a61782f0,f602ef77-0db5-47af-b259-e551c77a4281.rna_seq.augmented_star_gene_counts.tsv,741de299eaef98ea84c1e276703b1084,4252552,TCGA-44-7661,TCGA-44-7661-01A,a6096034-3c2c-4c96-88fe-56a22c2d167c,Primary Tumor,TCGA-44-7661-01A-11R-2066-07,eecca6e2e475aab335bd7c365025ca0d0daa144b,Synchronous malignancy,eligible,False
81152340-ffac-4122-8b21-bef3a474a18e,a84ef848-a790-4e90-96b4-45b24c3aaaf4.rna_seq.augmented_star_gene_counts.tsv,cb1f2a1796538d6edd31cb6321066fe6,4226172,TCGA-50-5939,TCGA-50-5939-11A,1a762ac4-b6ef-4ea1-889a-0fda1df26765,Solid Tissue Normal,TCGA-50-5939-11A-01R-1628-07,eecca6e2e475aab335bd7c365025ca0d0daa144b,Prior malignancy,eligible,True
d88c062b-3c19-46e9-92b8-b80f6c3eef56,9a0910ce-634b-47b6-a63c-caaf219e0b55.rna_seq.augmented_star_gene_counts.tsv,1100a2729e7a82b2a5ac0c82da206ff0,4252336,TCGA-J2-8194,TCGA-J2-8194-01A,0d1aff40-772d-436f-9802-971880a2058b,Primary Tumor,TCGA-J2-8194-01A-11R-2241-07,eecca6e2e475aab335bd7c365025ca0d0daa144b,Prior malignancy,eligible,False
c96036a1-2f21-47fc-a5ea-54389bf26502,f07f72e3-8bd8-4a16-91b4-e4444c2745d9.rna_seq.augmented_star_gene_counts.tsv,7d821dc1a06dac4e96a7273f1036dc2d,4257258,TCGA-55-8203,TCGA-55-8203-01A,d1f3852d-d23c-41af-9ec0-19c4ba1b1da5,Primary Tumor,TCGA-55-8203-01A-11R-2241-07,eecca6e2e475aab335bd7c365025ca0d0daa144b,Prior malignancy,eligible,False
3f474548-c7b2-4d5e-9f8d-03c800a094fe,3db0576d-969f-4cb6-9e5d-51407b953ef4.rna_seq.augmented_star_gene_counts.tsv,d80b1ad9d5dc15ab9a94d1d713c0e802,4266272,TCGA-55-6986,TCGA-55-6986-11A,e8e0e53a-4009-4141-ba6f-eed35fcaad7b,Solid Tissue Normal,TCGA-55-6986-11A-01R-1949-07,eecca6e2e475aab335bd7c365025ca0d0daa144b,,eligible,True
8b26e78c-f162-48fc-8c1b-9628baa3ca62,b603c2a6-4366-415a-871e-5949a2a8a4b6.rna_seq.augmented_star_gene_counts.tsv,506c16c3914540043a5a84458df4cd36,4241775,TCGA-55-8621,TCGA-55-8621-01A,1c1c73ec-c57d-4b5b-9a17-8cd3557f21f9,Primary Tumor,TCGA-55-8621-01A-11R-2403-07,eecca6e2e475aab335bd7c365025ca0d0daa144b,Prior malignancy,eligible,False
8b55c916-963b-41d6-b7ce-7e8ccf958c80,72726dc4-fa08-4e34-9539-29ddb19dd782.rna_seq.augmented_star_gene_counts.tsv,a885ede54564e2291a817d02e8333ca6,4257037,TCGA-49-4501,TCGA-49-4501-01A,fc511a67-5383-4877-aeef-36c0b7934b77,Primary Tumor,TCGA-49-4501-01A-01R-1206-07,eecca6e2e475aab335bd7c365025ca0d0daa144b,Prior malignancy,eligible,False
03680aea-84a2-4775-bb9c-24f8c5907247,0a4e0b83-7afa-475b-8586-e9e79e31d6d2.rna_seq.augmented_star_gene_counts.tsv,06d101f59bf8eae8dd11581cea5894b9,4234605,TCGA-62-A471,TCGA-62-A471-01A,9ab03618-703c-4401-a198-e02510807646,Primary Tumor,TCGA-62-A471-01A-12R-A24H-07,eecca6e2e475aab335bd7c365025ca0d0daa144b,,eligible,False
477d7181-e081-4577-ac06-e508b1239989,3d006e45-8ebf-4ba1-b003-13b711c0d0ee.rna_seq.augmented_star_gene_counts.tsv,b4220339c29454ed50944a54145dda85,4242981,TCGA-78-7540,TCGA-78-7540-01A,df16b5d4-5e5d-455c-9c5f-a151e5864557,Primary Tumor,TCGA-78-7540-01A-11R-2066-07,eecca6e2e475aab335bd7c365025ca0d0daa144b,,eligible,False
3c421a7f-8bde-4b4b-90e5-cf0ea11274ab,fbd81adc-aa56-4cde-b1f2-e749e2cbf653.rna_seq.augmented_star_gene_counts.tsv,9ea84591cfd8c515b09154818d1f2d2d,4237424,TCGA-NJ-A7XG,TCGA-NJ-A7XG-01A,5a6826b4-7926-4378-86bf-76c028508b3b,Primary Tumor,TCGA-NJ-A7XG-01A-12R-A39D-07,eecca6e2e475aab335bd7c365025ca0d0daa144b,,eligible,False
3d08a99f-46c1-4e06-a042-521a54ebbe1e,02f6c9d4-8296-4e00-9e78-4f4d8c942340.rna_seq.augmented_star_gene_counts.tsv,ac1df830521fd8fc154b3a640bed941c,4226383,TCGA-91-6848,TCGA-91-6848-01A,93b55ce3-3ab0-4bc1-b1a2-3f02b13dc7b0,Primary Tumor,TCGA-91-6848-01A-11R-1949-07,eecca6e2e475aab335bd7c365025ca0d0daa144b,,eligible,False
1529d8e6-10d2-4e7c-bfb1-66820434c835,40386f32-719d-480f-9ba7-57e1eea23b30.rna_seq.augmented_star_gene_counts.tsv,017185517e6f67b97f45eb2f0df21e2e,4217734,TCGA-91-A4BD,TCGA-91-A4BD-01A,6e10437d-da57-4298-b082-9d7c59d09c5c,Primary Tumor,TCGA-91-A4BD-01A-11R-A24H-07,eecca6e2e475aab335bd7c365025ca0d0daa144b,,eligible,False
aab3583f-37ca-4f2f-8428-aa8eda2c2274,a7517dae-ab9e-42eb-a512-eb0ca6f89166.rna_seq.augmented_star_gene_counts.tsv,3c277dd201b74e1c55ad8711cd1fa2e5,4224070,TCGA-55-6981,TCGA-55-6981-11A,7f21527c-8434-474e-b223-b24d5b4d57f7,Solid Tissue Normal,TCGA-55-6981-11A-01R-1949-07,eecca6e2e475aab335bd7c365025ca0d0daa144b,,eligible,True
555bdfe8-80bb-46db-80f1-421038f5c2b4,25ef25f6-9982-41ad-9823-62763c6c29eb.rna_seq.augmented_star_gene_counts.tsv,4c5be09c86f910c1e3ea08a5f24621e1,4246061,TCGA-MP-A4SW,TCGA-MP-A4SW-01A,71de7aed-0fd7-4381-847b-885e1310d6ef,Primary Tumor,TCGA-MP-A4SW-01A-21R-A24X-07,eecca6e2e475aab335bd7c365025ca0d0daa144b,,eligible,False
932ccb56-ad41-40a0-9ab3-21f490c60af5,a7c58df0-fffc-4a80-85c4-2dab24b2edc2.rna_seq.augmented_star_gene_counts.tsv,e37b951d9ce5c8bee53247c5f4d80955,4243811,TCGA-97-7552,TCGA-97-7552-01A,9dcb355a-c122-4341-89d7-1df471315a49,Primary Tumor,TCGA-97-7552-01A-11R-2039-07,eecca6e2e475aab335bd7c365025ca0d0daa144b,,eligible,False
94613d97-0a68-4212-beef-3c97a0b363ef,b7837fd0-426f-49dd-9de0-4e648b78f896.rna_seq.augmented_star_gene_counts.tsv,5bb5322992c2424e54f32ed5fc5e67d9,4220201,TCGA-50-5931,TCGA-50-5931-11A,0ebe60d2-3a5b-41a5-a3f2-8e50a72dc2d1,Solid Tissue Normal,TCGA-50-5931-11A-01R-1858-07,eecca6e2e475aab335bd7c365025ca0d0daa144b,,eligible,True
8af996d7-2c5e-4d17-b1a5-8751f4784eba,14aca23b-01ce-4532-8f2f-3b22b05a4757.rna_seq.augmented_star_gene_counts.tsv,7166bdae4df12eeb3a95dacf75e4ad73,4252855,TCGA-55-8089,TCGA-55-8089-01A,8950ac53-1f70-46bc-a094-ec946e6e3a78,Primary Tumor,TCGA-55-8089-01A-11R-2241-07,eecca6e2e475aab335bd7c365025ca0d0daa144b,,eligible,False
06a639d9-ade5-4cbb-91b0-a41449ce4f49,6531e137-3d23-44e7-af10-51e9cc517192.rna_seq.augmented_star_gene_counts.tsv,eadaedb72fe4b6116412cf13b59f5c1c,4222257,TCGA-78-8662,TCGA-78-8662-01A,cffeea21-61c8-4f86-b8d3-e67b019768cc,Primary Tumor,TCGA-78-8662-01A-11R-2403-07,eecca6e2e475aab335bd7c365025ca0d0daa144b,,eligible,False
c7ee3fa6-4a2f-4824-a098-91ce6c1223c3,a4f3f3fa-b161-402b-bc1a-1dddd6be8097.rna_seq.augmented_star_gene_counts.tsv,a77292fecf469bc39181451fc11841d8,4243160,TCGA-55-8512,TCGA-55-8512-01A,727baf6e-e991-426e-a823-07908aa85202,Primary Tumor,TCGA-55-8512-01A-11R-2403-07,eecca6e2e475aab335bd7c365025ca0d0daa144b,,eligible,False
b6a0d742-e7bc-4d67-8014-675e62f1ddd0,df3e51ff-63ad-45c2-ba71-676c5eb6b9e0.rna_seq.augmented_star_gene_counts.tsv,69dbc0c2623194f3587913c64661a3b0,4251429,TCGA-MN-A4N5,TCGA-MN-A4N5-01A,034cf68f-79af-40f3-bb6e-26ae98b3a62f,Primary Tumor,TCGA-MN-A4N5-01A-11R-A24X-07,eecca6e2e475aab335bd7c365025ca0d0daa144b,,eligible,False
169b5555-f64c-4bbd-9c07-af0c42ddb6aa,da145aec-4391-4fce-b5d0-bf91065b765e.rna_seq.augmented_star_gene_counts.tsv,df198d1635dcb38030f79a8494a55063,4230800,TCGA-78-8640,TCGA-78-8640-01A,7dbabdaa-9fdf-4a94-815a-a493b5dac4ce,Primary Tumor,TCGA-78-8640-01A-11R-2403-07,eecca6e2e475aab335bd7c365025ca0d0daa144b,,eligible,False
b817c1a8-7e62-423e-b7e0-eb9136fe0455,73559b1e-ad93-432f-a7bb-c3946d4120d4.rna_seq.augmented_star_gene_counts.tsv,d165dd36e556a7fcfb1c7748ca6e63de,4230562,TCGA-64-5779,TCGA-64-5779-01A,4131da8f-3c6c-43e1-a7eb-81cb8988f524,Primary Tumor,TCGA-64-5779-01A-01R-1628-07,eecca6e2e475aab335bd7c365025ca0d0daa144b,,eligible,False
de0b900f-151a-4173-a070-3ec31ec05aed,62b8c824-3e80-4341-bfee-78d04be904c9.rna_seq.augmented_star_gene_counts.tsv,67bbea179ba2c0e1c662c82d3ad0d89c,4247370,TCGA-83-5908,TCGA-83-5908-01A,d2b8a9f4-7d70-43a0-b5f6-5b7365a03944,Primary Tumor,TCGA-83-5908-01A-21R-2287-07,eecca6e2e475aab335bd7c365025ca0d0daa144b,,eligible,False
7bc6d1c2-7d78-4b67-9c0d-8a836047f721,e4fe566f-bf64-408e-a422-fef7b855391f.rna_seq.augmented_star_gene_counts.tsv,8fa4504d7eefffe6f9fc7100a0b79b2f,4236145,TCGA-L4-A4E6,TCGA-L4-A4E6-01A,6f44f833-1108-4ea1-a472-f3964f2d73a8,Primary Tumor,TCGA-L4-A4E6-01A-11R-A24H-07,eecca6e2e475aab335bd7c365025ca0d0daa144b,,eligible,False
667a9066-debb-4f43-94f7-3277e66d8991,9207fbc6-99eb-4535-8c02-c8bba5875c1b.rna_seq.augmented_star_gene_counts.tsv,b12e3b5d460ef96e3c17a15e9923d7ec,4226951,TCGA-75-6211,TCGA-75-6211-01A,55f79464-e4d9-47be-8ce8-c4959e9eb753,Primary Tumor,TCGA-75-6211-01A-11R-1755-07,eecca6e2e475aab335bd7c365025ca0d0daa144b,,eligible,False
f7d58012-79f4-440f-add6-8a00728e96ba,3289364c-0dc2-43e8-bfe2-57d25e8612e5.rna_seq.augmented_star_gene_counts.tsv,bc165a01e3615b523c65885fb76a7ff8,4213976,TCGA-73-A9RS,TCGA-73-A9RS-01A,72ca76ae-bcf6-4f98-b891-95bec77fad2d,Primary Tumor,TCGA-73-A9RS-01A-11R-A41B-07,eecca6e2e475aab335bd7c365025ca0d0daa144b,,eligible,False
a6298ad5-dd68-44f6-85cf-f1d2c7673aa3,a126e83e-3907-487d-901a-4cfb91d5807a.rna_seq.augmented_star_gene_counts.tsv,d3ac1baac1474bb893ed5d88a309ef10,4220942,TCGA-44-6777,TCGA-44-6777-11A,5f42537f-8c2a-48b6-8d9c-1f409711d128,Solid Tissue Normal,TCGA-44-6777-11A-01R-1858-07,eecca6e2e475aab335bd7c365025ca0d0daa144b,,eligible,True
71ac888b-0acc-4cfd-a21a-4c9ff8d06bf9,bd84bab3-4614-4806-bfd1-dab3fca9d6fa.rna_seq.augmented_star_gene_counts.tsv,df571b77146fc739adb1b5b1878a9bdb,4228970,TCGA-86-8585,TCGA-86-8585-01A,558e3668-fbe7-4e8e-beb0-90ab33587b5a,Primary Tumor,TCGA-86-8585-01A-11R-2403-07,eecca6e2e475aab335bd7c365025ca0d0daa144b,,eligible,False
9bdba133-a1e0-4482-add2-af6493ebdbe5,efd3731a-0788-41e9-a985-0c3d400d7db3.rna_seq.augmented_star_gene_counts.tsv,b52cccec81de7f9317435955cb308ae1,4255895,TCGA-86-8055,TCGA-86-8055-01A,a3bf3f65-7b44-4993-a126-c76870dbbbac,Primary Tumor,TCGA-86-8055-01A-11R-2241-07,eecca6e2e475aab335bd7c365025ca0d0daa144b,,eligible,False
3cd897bd-893e-4497-b9a5-56141816cff4,525e9185-ed15-403d-8987-93c50e4b89a1.rna_seq.augmented_star_gene_counts.tsv,aa703e7d855ef6d30195b729cdd1abbe,4215469,TCGA-44-6774,TCGA-44-6774-01A,79cf84b5-84ff-42e5-b438-697b35d272fc,Primary Tumor,TCGA-44-6774-01A-21R-1858-07,eecca6e2e475aab335bd7c365025ca0d0daa144b,,eligible,False
a308da6a-7eec-4a96-8884-d6ea49637744,14797b04-c56a-4ceb-bd0f-a4e785e90f75.rna_seq.augmented_star_gene_counts.tsv,f0cecb0ee5d1b480a3579cd29f642f1c,4269503,TCGA-05-4398,TCGA-05-4398-01A,da010683-c537-478f-8f95-e606b05dbc5c,Primary Tumor,TCGA-05-4398-01A-01R-1206-07,eecca6e2e475aab335bd7c365025ca0d0daa144b,,eligible,False
18be89fe-3383-45a2-9c0e-b1246e88c82d,77ca7978-5bc4-4264-8ca3-db132049c8a8.rna_seq.augmented_star_gene_counts.tsv,d70ff86e73201884a3de84fa2adfbdda,4264852,TCGA-55-8096,TCGA-55-8096-01A,a5d9be94-1204-49cb-8758-1505d853564c,Primary Tumor,TCGA-55-8096-01A-11R-2241-07,eecca6e2e475aab335bd7c365025ca0d0daa144b,,eligible,False
df452e00-a7e9-4045-83fb-623885a542d4,5444c7d2-9c7e-4b9e-a8ee-7d64c375be17.rna_seq.augmented_star_gene_counts.tsv,4af0fb0fff41735de9f66e7aef844b2b,4242302,TCGA-MP-A4TD,TCGA-MP-A4TD-01A,90e374aa-f02d-40dd-b306-cf392ef1026d,Primary Tumor,TCGA-MP-A4TD-01A-32R-A262-07,eecca6e2e475aab335bd7c365025ca0d0daa144b,,eligible,False
270a13b3-158c-4251-8c6a-5bc5275e0ebb,8da65700-04c7-444d-826e-ec2e692b257b.rna_seq.augmented_star_gene_counts.tsv,f8a4993be2110f354fde8c4ce7919eb1,4249135,TCGA-97-A4M2,TCGA-97-A4M2-01A,b572a3ea-e568-49db-8e35-a80f4a6d82e9,Primary Tumor,TCGA-97-A4M2-01A-12R-A24X-07,eecca6e2e475aab335bd7c365025ca0d0daa144b,,eligible,False
9796354a-6ac6-466b-a82b-f1e9785bc447,da52147d-9bd6-449c-b5d9-b168822ddac0.rna_seq.augmented_star_gene_counts.tsv,9c97fb05beac363ba2a074331bca83b5,4240230,TCGA-L9-A443,TCGA-L9-A443-01A,3e08e880-bb50-4460-b1bf-06064f12d0c2,Primary Tumor,TCGA-L9-A443-01A-12R-A24H-07,eecca6e2e475aab335bd7c365025ca0d0daa144b,,eligible,False
b5b25f89-cd67-44e5-89bd-be2bc1def4d8,4ad05e6b-e3d8-4048-8f61-1e79e421de0b.rna_seq.augmented_star_gene_counts.tsv,412b3360f6579bd180f830e50bd0e4f2,4246173,TCGA-95-7567,TCGA-95-7567-01A,e97a07a0-16bb-40c7-9df4-95dadf83b04c,Primary Tumor,TCGA-95-7567-01A-11R-2066-07,eecca6e2e475aab335bd7c365025ca0d0daa144b,,eligible,False
0ece8b9b-d1c3-4f03-b70d-6bc06c6f52ce,a585711d-48a4-45bd-bb45-f9d2a7717af0.rna_seq.augmented_star_gene_counts.tsv,25207b9becd97f541d1aff7d828905e3,4229724,TCGA-55-A492,TCGA-55-A492-01A,8e690229-01ba-4158-ac60-256310bae644,Primary Tumor,TCGA-55-A492-01A-11R-A24H-07,eecca6e2e475aab335bd7c365025ca0d0daa144b,,eligible,False
bbb70a6e-a91c-4c67-9ec0-b33185ab4f8d,1f7293ad-85b2-4d42-afcc-88cf1027cf5f.rna_seq.augmented_star_gene_counts.tsv,beeb398a1376012fdd784b5c99831e14,4263814,TCGA-44-3396,TCGA-44-3396-01A,b560df97-986b-4a88-a0f1-c38a30080edb,Primary Tumor,TCGA-44-3396-01A-01R-1206-07,eecca6e2e475aab335bd7c365025ca0d0daa144b,,eligible,True
475fdbbb-3d3a-4d56-8d0e-34dfb8cb6346,5f74c5cb-1127-4a5c-975e-58e5abc4db03.rna_seq.augmented_star_gene_counts.tsv,a2401a616eb79a13863b6f1b63d0d7ed,4242000,TCGA-44-7672,TCGA-44-7672-01A,adb65cdc-08c7-46e3-a74f-7fa4d0ca4e3b,Primary Tumor,TCGA-44-7672-01A-11R-2066-07,eecca6e2e475aab335bd7c365025ca0d0daa144b,,eligible,False
87d1edd3-df03-4046-a888-86baa85639b6,8ce815e6-3c63-4cbf-8480-4f07867f18da.rna_seq.augmented_star_gene_counts.tsv,872ff233eaee490ee0d78b06b3d83cb6,4254085,TCGA-69-7974,TCGA-69-7974-01A,b8a5a1e0-3095-49b6-aae7-f7621c398f59,Primary Tumor,TCGA-69-7974-01A-11R-2187-07,eecca6e2e475aab335bd7c365025ca0d0daa144b,,eligible,False
dfc3bc40-b667-4f75-a932-4074c0b0c408,484f0a13-a636-484b-9880-5066955dee6e.rna_seq.augmented_star_gene_counts.tsv,e493bfaf02ca6ab9c2322feb873d9156,4221024,TCGA-64-5781,TCGA-64-5781-01A,b32f509d-91e5-4601-b8b3-4b0a5212c22b,Primary Tumor,TCGA-64-5781-01A-01R-1628-07,eecca6e2e475aab335bd7c365025ca0d0daa144b,,eligible,False
3baa9c28-dfb3-4ec3-9e3c-1d2f1421b00f,1a0143ed-cd70-498f-b094-bc71b6921fb3.rna_seq.augmented_star_gene_counts.tsv,1e1576c258b94934785329e302ce6a21,4242824,TCGA-55-A4DG,TCGA-55-A4DG-01A,4ddf0a0c-a1ec-4f94-b886-ad444a50be97,Primary Tumor,TCGA-55-A4DG-01A-11R-A24H-07,eecca6e2e475aab335bd7c365025ca0d0daa144b,,eligible,False
77b2c8e8-d630-4b66-be6e-db594df4e0ec,fc4f0b8e-ced1-4543-a21d-3cbb2d269eb0.rna_seq.augmented_star_gene_counts.tsv,68a918ea345dbed817a274accc49bf8c,4233531,TCGA-67-4679,TCGA-67-4679-01B,1fd0b739-e037-4791-b4a4-daf75d55022b,Primary Tumor,TCGA-67-4679-01B-01R-1755-07,eecca6e2e475aab335bd7c365025ca0d0daa144b,,eligible,False
d54e9279-578f-40cd-8e55-fbd7af5279dd,1c66cca9-ad78-44e5-ab54-be31d4a66437.rna_seq.augmented_star_gene_counts.tsv,7c7b923f271c379bfa9cab88431232f4,4241776,TCGA-MP-A4T7,TCGA-MP-A4T7-01A,b4c61d50-4631-442d-b518-ca666d0243f5,Primary Tumor,TCGA-MP-A4T7-01A-11R-A24X-07,eecca6e2e475aab335bd7c365025ca0d0daa144b,,eligible,False
15998b11-5041-4e2d-94d9-cf714c796c13,22d87348-bca7-4428-b8e2-2f161d77bcc5.rna_seq.augmented_star_gene_counts.tsv,3cdbc28b5bfcb065f57a3f4584ad6cec,4248837,TCGA-69-8253,TCGA-69-8253-01A,1b856a2b-97be-4461-a496-279df908c30e,Primary Tumor,TCGA-69-8253-01A-11R-2287-07,eecca6e2e475aab335bd7c365025ca0d0daa144b,,eligible,False
bbb426a9-806b-4417-a3cd-4dd1b0c87792,ad73d464-c21b-4d07-9f89-a322f9366f1c.rna_seq.augmented_star_gene_counts.tsv,dd21298c62186596b101ad4c9364ccf6,4227111,TCGA-55-6978,TCGA-55-6978-11A,bf086e79-d781-4620-b8f5-868e70f293c2,Solid Tissue Normal,TCGA-55-6978-11A-01R-1949-07,eecca6e2e475aab335bd7c365025ca0d0daa144b,Prior malignancy,eligible,True
1d8df3eb-b059-47f7-b3fa-f4eb3f568423,d5388d2a-976f-4f08-80c2-14bbf4ccc753.rna_seq.augmented_star_gene_counts.tsv,c78bc982a993f9721ec0c36af5bcf7fe,4230852,TCGA-80-5611,TCGA-80-5611-01A,97025733-075c-49a4-a587-ba54a1714207,Primary Tumor,TCGA-80-5611-01A-01R-1628-07,eecca6e2e475aab335bd7c365025ca0d0daa144b,History of acceptable prior treatment related to a prior/other malignancy; Prior malignancy,eligible,False
5ecec8fc-845f-43cf-82c3-73dea85cc53c,461cd8f2-fe53-448d-b6a9-0a95792464c7.rna_seq.augmented_star_gene_counts.tsv,c6db66bee178f64bc449e8cb0e0eb01b,4235780,TCGA-86-8358,TCGA-86-8358-01A,5942f197-2b77-4a7f-8bca-763cc1902a0b,Primary Tumor,TCGA-86-8358-01A-11R-2326-07,eecca6e2e475aab335bd7c365025ca0d0daa144b,,eligible,False
bb69e798-8c83-4c12-b622-3155e1972e6f,aefc9460-27d4-4d7f-8167-baa2a80935b7.rna_seq.augmented_star_gene_counts.tsv,20672b0f76073b49d354a68d26ec0a68,4215818,TCGA-75-7031,TCGA-75-7031-01A,54984e66-1d2a-4a62-a5aa-847bc12e02fc,Primary Tumor,TCGA-75-7031-01A-11R-1949-07,eecca6e2e475aab335bd7c365025ca0d0daa144b,,eligible,False
7b3f1e0a-2d0a-40a6-9ccd-deb403fd2f16,743f08af-5537-4454-a219-18639e5127c6.rna_seq.augmented_star_gene_counts.tsv,aa82a61464747826f8e8281c7e2e988b,4248825,TCGA-73-4666,TCGA-73-4666-01A,5bae2e45-6dbc-458c-a66f-702eb1af7357,Primary Tumor,TCGA-73-4666-01A-01R-1206-07,eecca6e2e475aab335bd7c365025ca0d0daa144b,,eligible,False
5b99d571-43d2-4d26-9a3b-0a299a0ce048,60cc41cd-a0af-4cad-a4be-253781e2f0b8.rna_seq.augmented_star_gene_counts.tsv,8b62fcc48ef1b4143da81fe3b74cf6dd,4222207,TCGA-49-6761,TCGA-49-6761-01A,b675e2fa-e96b-48a1-aff0-7d311c053d5a,Primary Tumor,TCGA-49-6761-01A-31R-1949-07,eecca6e2e475aab335bd7c365025ca0d0daa144b,,eligible,True
ca8dc4e0-e8d2-4574-b3a0-74b058bd2b96,d3c4d6a0-ae8f-416d-93b5-2f7143f0f857.rna_seq.augmented_star_gene_counts.tsv,cc18e937da5c9ba2970c76897b9a8c2e,4215686,TCGA-49-6761,TCGA-49-6761-11A,f4fb69c3-8ee2-465c-8025-8b7ae74ea828,Solid Tissue Normal,TCGA-49-6761-11A-01R-1949-07,eecca6e2e475aab335bd7c365025ca0d0daa144b,,eligible,True
249b6388-cdcd-477a-9461-cf0e41146230,6200626d-556e-400d-81f4-e397ce49585f.rna_seq.augmented_star_gene_counts.tsv,c065c6c3f335c1e1fab9679aba836eed,4233610,TCGA-91-8499,TCGA-91-8499-01A,c70ede8e-5761-434c-af09-8315bd688cd4,Primary Tumor,TCGA-91-8499-01A-11R-2403-07,eecca6e2e475aab335bd7c365025ca0d0daa144b,,eligible,False
1d7b2b60-11d7-4803-8c7f-45fc6ce45a25,ebf8d429-0437-4987-9bca-89e62910f168.rna_seq.augmented_star_gene_counts.tsv,46a9778d735f1b2ecce411b6ede1d919,4242757,TCGA-78-7158,TCGA-78-7158-01A,ee0d4640-5609-430e-8b80-3058a3f313a8,Primary Tumor,TCGA-78-7158-01A-11R-2039-07,eecca6e2e475aab335bd7c365025ca0d0daa144b,,eligible,False
43b8c3f7-2d0b-4020-807d-b7386825ecc0,c6acc762-3909-4cc0-91c7-f66bc3f0e667.rna_seq.augmented_star_gene_counts.tsv,3a3f0631a5920fc99affb4599220c8ff,4242811,TCGA-49-4507,TCGA-49-4507-01A,962f85ff-1f27-49e4-8c3d-798facea122f,Primary Tumor,TCGA-49-4507-01A-01R-1206-07,eecca6e2e475aab335bd7c365025ca0d0daa144b,,eligible,False
8be349eb-2407-4f51-809a-ceb5542e0cf1,256e320c-e4de-4918-b3bc-b71657bfd4cc.rna_seq.augmented_star_gene_counts.tsv,77a79da00de4bb1ffffe7d9e42395594,4252757,TCGA-86-7953,TCGA-86-7953-01A,c85ed66e-c58b-45d9-82f6-8248b9e05338,Primary Tumor,TCGA-86-7953-01A-11R-2187-07,eecca6e2e475aab335bd7c365025ca0d0daa144b,,eligible,False
3ca2ec6c-4134-4595-9c5e-68c886d3aa1c,f6108b9b-e02f-4608-bec3-bcc0112d05b4.rna_seq.augmented_star_gene_counts.tsv,8d70fb7de797f3f7d797203584e1d909,4240841,TCGA-49-AARO,TCGA-49-AARO-01A,58084363-d165-44b9-9702-9a1e3732ee1b,Primary Tumor,TCGA-49-AARO-01A-12R-A41B-07,eecca6e2e475aab335bd7c365025ca0d0daa144b,,eligible,False
46ef57a2-e2ce-4ffe-9ce8-c043c6065863,31a238a8-4238-4d56-aac5-4769ce173664.rna_seq.augmented_star_gene_counts.tsv,7315d53e373d274c020c1a82b6439495,4218631,TCGA-55-6983,TCGA-55-6983-11A,f6d0a76c-9baf-458c-b4c7-2784272a2f62,Solid Tissue Normal,TCGA-55-6983-11A-01R-1949-07,eecca6e2e475aab335bd7c365025ca0d0daa144b,,eligible,True
15a57d06-841c-473e-b89e-389f1df3504a,c812eb06-bd41-4919-8f6d-9ade00654a4c.rna_seq.augmented_star_gene_counts.tsv,321369cd62597fdbf015bbb7256a58f1,4239650,TCGA-86-A4D0,TCGA-86-A4D0-01A,5de445ab-85e8-4bec-bf61-f6b4240306e1,Primary Tumor,TCGA-86-A4D0-01A-11R-A24H-07,eecca6e2e475aab335bd7c365025ca0d0daa144b,,eligible,False
b45e937f-da60-4259-8fa2-e64ee4fdbe95,534541e5-89a2-46bc-98d3-1fed57d6e4c1.rna_seq.augmented_star_gene_counts.tsv,96572e6dc92f8c130db10e361a8012b0,4242321,TCGA-62-A46Y,TCGA-62-A46Y-01A,dea6de72-0f67-44f8-aea7-28c15adf4e60,Primary Tumor,TCGA-62-A46Y-01A-11R-A24H-07,eecca6e2e475aab335bd7c365025ca0d0daa144b,,eligible,False
472406b3-cc1a-407e-bf38-a79046cfa952,07c8891d-1917-45f8-bd1d-4c59d1baafaa.rna_seq.augmented_star_gene_counts.tsv,4207f7261449c27bb4c583a825e1fd6d,4231226,TCGA-91-6830,TCGA-91-6830-01A,ade256d3-7ad5-441c-ad53-ab635b1668e4,Primary Tumor,TCGA-91-6830-01A-11R-1949-07,eecca6e2e475aab335bd7c365025ca0d0daa144b,,eligible,False
842cb3d6-6ca5-4924-a7bb-98720352b548,0ba8665b-be52-4288-838a-8f5d189f809d.rna_seq.augmented_star_gene_counts.tsv,203bcd9ab4efdad03d8b9a84c5353a3c,4218305,TCGA-49-AAR3,TCGA-49-AAR3-01A,07ab41e3-63a5-461b-9cf2-6bebc0e4d81e,Primary Tumor,TCGA-49-AAR3-01A-11R-A41B-07,eecca6e2e475aab335bd7c365025ca0d0daa144b,,eligible,False
0052ae83-7ae5-470a-a125-5cd94a9fa9e9,a6a6b9c6-9db7-42b3-a09f-770b7e126fbb.rna_seq.augmented_star_gene_counts.tsv,3965545354a18beca3a6159f16b254fe,4208285,TCGA-35-5375,TCGA-35-5375-01A,78b3d4a5-8563-433d-b271-6e37385e0584,Primary Tumor,TCGA-35-5375-01A-01R-1628-07,eecca6e2e475aab335bd7c365025ca0d0daa144b,,eligible,False
895ca581-915e-4057-b66a-dc2d5213d7e4,df2ac75d-208d-4cc1-867b-aea3e36117c6.rna_seq.augmented_star_gene_counts.tsv,da743f83b6d39a05dff925f0da155672,4226858,TCGA-44-6145,TCGA-44-6145-01A,007783b3-a1b5-4e9b-8add-6d01fefb5697,Primary Tumor,TCGA-44-6145-01A-11R-1755-07,eecca6e2e475aab335bd7c365025ca0d0daa144b,,eligible,True
ba3e1d1e-3193-4770-9c57-b4ff1502af38,ce68bb71-4052-499c-bf2e-81d9c0dafc9b.rna_seq.augmented_star_gene_counts.tsv,c7dcea8c2e92fa09fbb39ad9230688ff,4269436,TCGA-05-4397,TCGA-05-4397-01A,c4c061cd-e926-400b-b18c-b47c234337ca,Primary Tumor,TCGA-05-4397-01A-01R-1206-07,eecca6e2e475aab335bd7c365025ca0d0daa144b,,eligible,False
3ceb828a-3612-46e8-89c5-397cb20e5356,f1eb1ef7-fe25-4dd8-abed-9d9c298d72fb.rna_seq.augmented_star_gene_counts.tsv,c2c75dc4e39ae5732e10b50ab93bfd61,4236425,TCGA-49-AAR4,TCGA-49-AAR4-01A,3bce57d8-32d5-4f56-b0a4-544c3fee778f,Primary Tumor,TCGA-49-AAR4-01A-12R-A41B-07,eecca6e2e475aab335bd7c365025ca0d0daa144b,,eligible,False
cba15984-128b-4bd9-8202-14afbf1f74b2,9d305ba3-6558-42ed-959c-4182de1c8ebb.rna_seq.augmented_star_gene_counts.tsv,62f5ab5c4b55a76e11e55032369722bd,4250510,TCGA-73-7499,TCGA-73-7499-01A,9fd8c73a-da18-4019-9deb-16c93fe1fce2,Primary Tumor,TCGA-73-7499-01A-11R-2187-07,eecca6e2e475aab335bd7c365025ca0d0daa144b,,eligible,False
e6629c88-a050-41ed-afe7-e74255f4d3b1,894424ab-29c3-4f41-88e7-f59d0df10c28.rna_seq.augmented_star_gene_counts.tsv,d6104d2dbbc02f7b9cd071183062420a,4229514,TCGA-05-4425,TCGA-05-4425-01A,98bee17e-0b07-40d8-a70f-3163dbfd9c79,Primary Tumor,TCGA-05-4425-01A-01R-1755-07,eecca6e2e475aab335bd7c365025ca0d0daa144b,,eligible,False
361e4878-4535-499d-9987-7295a078bbee,ab0a7727-00ee-40fa-b5f5-a69234473e4a.rna_seq.augmented_star_gene_counts.tsv,fd1f51878ed84fdfd1735a05eaab6169,4229669,TCGA-50-5942,TCGA-50-5942-01A,aed669e8-23b6-4786-9398-6bb048815dfa,Primary Tumor,TCGA-50-5942-01A-21R-1755-07,eecca6e2e475aab335bd7c365025ca0d0daa144b,,eligible,False
360ebab8-859c-4286-b613-befa0fa306f0,ecef82f6-3009-4345-a56d-d028535d78fd.rna_seq.augmented_star_gene_counts.tsv,021cfd0b440d454b17b7b0d10c139349,4243764,TCGA-53-A4EZ,TCGA-53-A4EZ-01A,07af724b-7a04-47b8-b282-662710a1c347,Primary Tumor,TCGA-53-A4EZ-01A-12R-A24X-07,eecca6e2e475aab335bd7c365025ca0d0daa144b,,eligible,False
9bf51961-c60a-43df-87eb-a64dae9e4e10,52beaa60-92f3-48cf-a695-78bb66ccd4f6.rna_seq.augmented_star_gene_counts.tsv,178a1bafa3baf212e8d0ac4e73c478ff,4245175,TCGA-55-6970,TCGA-55-6970-01A,ce18c482-da4e-4166-a49c-29dc0bfb4472,Primary Tumor,TCGA-55-6970-01A-11R-1949-07,eecca6e2e475aab335bd7c365025ca0d0daa144b,,eligible,True
89bdfb20-8991-4bc4-b112-6e9be096b566,4f332295-b93c-48bf-8125-3a1539a03742.rna_seq.augmented_star_gene_counts.tsv,b0e63c739107c0d80a1045351c7b791a,4225793,TCGA-55-6970,TCGA-55-6970-11A,49d32568-b016-4a49-b866-53486697fea7,Solid Tissue Normal,TCGA-55-6970-11A-01R-1949-07,eecca6e2e475aab335bd7c365025ca0d0daa144b,,eligible,True
84f2b69e-86e5-4bf6-a11c-289b1971775f,3f7a9aee-2d10-4426-855b-de9a48b278ce.rna_seq.augmented_star_gene_counts.tsv,c9209dd6777e11e93691cecafa57033a,4247796,TCGA-05-4395,TCGA-05-4395-01A,9ded6605-39a3-4c0f-ad2e-7f6863960dbe,Primary Tumor,TCGA-05-4395-01A-01R-1206-07,eecca6e2e475aab335bd7c365025ca0d0daa144b,,eligible,False
8ddad1cb-d2ab-4fbf-865e-f134fcce0194,3c6fdcc9-916b-4ec2-be58-1dd15e7d94a2.rna_seq.augmented_star_gene_counts.tsv,c45bc11b5e9c813d6bf503bfe169abb5,4248549,TCGA-MP-A4T9,TCGA-MP-A4T9-01A,cca5449d-6645-4588-a0b5-c1f0b57e5c3b,Primary Tumor,TCGA-MP-A4T9-01A-11R-A24X-07,eecca6e2e475aab335bd7c365025ca0d0daa144b,,eligible,False
503df94c-0048-4f7b-b957-3f8304be73f0,7d46888b-282b-4f43-a09a-ff44bd1af110.rna_seq.augmented_star_gene_counts.tsv,ad0274a89cab084d126ea5c05a86f59c,4252024,TCGA-64-1679,TCGA-64-1679-01A,29152789-d08a-49d2-87b2-2e2ea8ff6573,Primary Tumor,TCGA-64-1679-01A-21R-2066-07,eecca6e2e475aab335bd7c365025ca0d0daa144b,,eligible,False
a412b415-0692-4adf-8447-067ad69913d7,fcb42a31-a716-430f-a0a1-001766fc62b5.rna_seq.augmented_star_gene_counts.tsv,fd911ac5bbe78ead902c93f526838477,4228758,TCGA-50-5933,TCGA-50-5933-01A,d2355f3a-e2ce-4791-b1fb-b570850681df,Primary Tumor,TCGA-50-5933-01A-11R-1755-07,eecca6e2e475aab335bd7c365025ca0d0daa144b,,eligible,True
29dd3ad7-f2c6-4abf-8e81-6734e4bd8a6a,aa85d7ef-5884-4eb4-a78b-3023d2e01a8b.rna_seq.augmented_star_gene_counts.tsv,7164d3905ae90792fe49404e3f7825d5,4221503,TCGA-55-6968,TCGA-55-6968-11A,affbf41b-ea28-406a-bdcb-146b9c053978,Solid Tissue Normal,TCGA-55-6968-11A-01R-1949-07,eecca6e2e475aab335bd7c365025ca0d0daa144b,,eligible,True
c343f781-c1df-4349-aab3-f159329a11da,3a8b14d9-c521-48d4-9400-074d752afe1b.rna_seq.augmented_star_gene_counts.tsv,1b67c1145e085900d7878227a2aa6cec,4240611,TCGA-MP-A4T8,TCGA-MP-A4T8-01A,07b7f665-383c-4cf0-a677-52bce36a674c,Primary Tumor,TCGA-MP-A4T8-01A-11R-A24X-07,eecca6e2e475aab335bd7c365025ca0d0daa144b,,eligible,False
b5df8e57-5822-4192-a4a4-398d11e9d968,6b48d62b-0932-48df-9448-ae6dcb8853b2.rna_seq.augmented_star_gene_counts.tsv,3d1b590b2250f34bf59793fc302e218f,4232279,TCGA-55-8302,TCGA-55-8302-01A,97df724f-afe1-4db4-9563-853245093fbb,Primary Tumor,TCGA-55-8302-01A-11R-2326-07,eecca6e2e475aab335bd7c365025ca0d0daa144b,,eligible,False
030d778f-ecb4-44eb-8baa-4286e18c9fdd,84595c09-6f85-4a1d-98fa-7d9bc9dc2c28.rna_seq.augmented_star_gene_counts.tsv,6426942030ce73573fdeeee6177bf117,4258957,TCGA-95-8039,TCGA-95-8039-01A,8745dbd3-cf9f-4edb-b419-5f0bd590f273,Primary Tumor,TCGA-95-8039-01A-11R-2241-07,eecca6e2e475aab335bd7c365025ca0d0daa144b,,eligible,False
d72c21fe-ff33-4f1e-a138-420968f1daf4,89bcf4e2-f855-4035-bf0d-fe4917248223.rna_seq.augmented_star_gene_counts.tsv,172d4f3390be50f967ab76bd36e2f9bd,4226217,TCGA-55-6971,TCGA-55-6971-01A,9ee35460-266a-485d-966d-b235fe620ccc,Primary Tumor,TCGA-55-6971-01A-11R-1949-07,eecca6e2e475aab335bd7c365025ca0d0daa144b,,eligible,True
8be16a1a-383f-4365-b1e5-139b1625e3ce,e1b67311-dee7-4296-ac38-1ad47a80c257.rna_seq.augmented_star_gene_counts.tsv,1ea58f43e8e349787ddd20f98d29f7df,4250770,TCGA-L9-A8F4,TCGA-L9-A8F4-01A,5a1d5fb9-900f-4f73-bead-d67cae987a8a,Primary Tumor,TCGA-L9-A8F4-01A-11R-A39D-07,eecca6e2e475aab335bd7c365025ca0d0daa144b,,eligible,False
ed3bcbbc-0f04-415f-a083-e34cefa9e310,828b6221-7b05-4e5f-aee0-0234f06fb81e.rna_seq.augmented_star_gene_counts.tsv,0dfc9ad71e9fbd6ce50ec0c37da15770,4230231,TCGA-MP-A4TF,TCGA-MP-A4TF-01A,a1283c20-bb35-40bb-91f7-e21b3307f031,Primary Tumor,TCGA-MP-A4TF-01A-11R-A262-07,eecca6e2e475aab335bd7c365025ca0d0daa144b,,eligible,False
648b0d02-f264-4d88-9997-baed8f000a60,6c438dcf-6ec0-4bf7-8122-875490967b70.rna_seq.augmented_star_gene_counts.tsv,96663d7e70cf35a9fe1e370d6c34e806,4249970,TCGA-MP-A5C7,TCGA-MP-A5C7-01A,752c10cd-6816-459f-9844-1775e75ad6cf,Primary Tumor,TCGA-MP-A5C7-01A-11R-A262-07,eecca6e2e475aab335bd7c365025ca0d0daa144b,,eligible,False
16dc015e-0f5b-4278-a0cb-9ae30a280161,d38959c4-8069-4963-8eca-0c66699df9a7.rna_seq.augmented_star_gene_counts.tsv,d6daf104acf07036686c443c01d44d20,4259938,TCGA-97-8174,TCGA-97-8174-01A,82c59ef8-ba24-4538-a643-e07e604206a5,Primary Tumor,TCGA-97-8174-01A-11R-2287-07,eecca6e2e475aab335bd7c365025ca0d0daa144b,,eligible,False
bca264e4-3883-409f-ad4e-f56f81c7c93e,21a80f43-21be-4549-901b-c99083021c30.rna_seq.augmented_star_gene_counts.tsv,2d8946bcff7aaeab71b0b637cd33f18c,4197791,TCGA-62-8397,TCGA-62-8397-01A,1a40c0ef-0b6f-48c9-98cc-b64e8660f2a3,Primary Tumor,TCGA-62-8397-01A-11R-2326-07,eecca6e2e475aab335bd7c365025ca0d0daa144b,,eligible,False
c79162f6-be6e-46b1-aca7-438423fed6c3,98f9eaa2-866f-4223-ad25-f93020214b4e.rna_seq.augmented_star_gene_counts.tsv,b9122a3fac42973365eb6bef6b19a98f,4250133,TCGA-55-8205,TCGA-55-8205-01A,63e09d3b-9462-4555-b5e7-41740faa7dde,Primary Tumor,TCGA-55-8205-01A-11R-2241-07,eecca6e2e475aab335bd7c365025ca0d0daa144b,,eligible,False
da428df4-37ee-43d6-9090-7b94d67968e9,56d2e7e0-7686-417f-a698-393a1385d87e.rna_seq.augmented_star_gene_counts.tsv,68c40a06e83169f9661b8bc73d607490,4232938,TCGA-55-8510,TCGA-55-8510-01A,431c3f05-aa24-4d13-8dfe-96145289ae02,Primary Tumor,TCGA-55-8510-01A-11R-2403-07,eecca6e2e475aab335bd7c365025ca0d0daa144b,,eligible,False
119e7a6c-7fd1-4a2d-bfdc-35cb13d39414,6460f151-7102-476d-b03b-fb4ea776b1ea.rna_seq.augmented_star_gene_counts.tsv,a60197ff9046416f7a5a6834377e84d8,4228464,TCGA-49-AARN,TCGA-49-AARN-01A,cea128ca-4e69-4bf4-be47-e0481a809727,Primary Tumor,TCGA-49-AARN-01A-21R-A41B-07,eecca6e2e475aab335bd7c365025ca0d0daa144b,,eligible,False
e20ecad8-f22d-4e2d-99af-bc1be98c5128,085fd4df-27f7-4680-a0b5-8726f9eab370.rna_seq.augmented_star_gene_counts.tsv,132f5101f360a88ccfd95d9e99d7f3bb,4222449,TCGA-49-4512,TCGA-49-4512-01A,d809a778-d1ac-4406-ab09-67cc70f1f0c2,Primary Tumor,TCGA-49-4512-01A-21R-1858-07,eecca6e2e475aab335bd7c365025ca0d0daa144b,,eligible,True
d3986831-ba2a-4a25-8eb0-b074cbd7edac,e270dd9d-4a6b-40b3-823f-a46dd9493585.rna_seq.augmented_star_gene_counts.tsv,a7d4ccf095f534b06be42af704a95681,4228232,TCGA-55-7574,TCGA-55-7574-01A,6a460559-d291-43c0-a624-25474e601e99,Primary Tumor,TCGA-55-7574-01A-11R-2039-07,eecca6e2e475aab335bd7c365025ca0d0daa144b,,eligible,False
f19a1a66-ddc9-4567-80db-d009bb455b25,aa305f5b-4c1d-4bc7-81d5-b2b999b327af.rna_seq.augmented_star_gene_counts.tsv,e0a0a3d05dc990239425b5fe3b6785f1,4236361,TCGA-97-7554,TCGA-97-7554-01A,ec52b227-65eb-406f-a02b-f4cd1fdf6b3c,Primary Tumor,TCGA-97-7554-01A-11R-2039-07,eecca6e2e475aab335bd7c365025ca0d0daa144b,,eligible,False
62560d5c-0cae-4fc7-820a-9c1236eb2c80,f30ea4c5-0110-403e-b171-2ea1e35c1ea0.rna_seq.augmented_star_gene_counts.tsv,8bfa27688dff26f89c327a22f31fd088,4226025,TCGA-05-4417,TCGA-05-4417-01A,9ab40e48-6979-43cb-9acf-1d4f474cad4d,Primary Tumor,TCGA-05-4417-01A-22R-1858-07,eecca6e2e475aab335bd7c365025ca0d0daa144b,,eligible,False
404b3699-4707-49aa-b0d2-a0999bbd48e6,2e86db3a-ac57-49d2-8378-5d5e7412eff7.rna_seq.augmented_star_gene_counts.tsv,24499c77513eab13273753274fadac95,4233930,TCGA-50-6673,TCGA-50-6673-01A,e273b4e3-35dc-4f46-a668-70d6eb8bf4fc,Primary Tumor,TCGA-50-6673-01A-11R-1949-07,eecca6e2e475aab335bd7c365025ca0d0daa144b,,eligible,False
3aa81439-d4cc-41ef-9568-e6a11c8b1b52,a6a841ae-f63f-45ab-9a17-2288e12a9577.rna_seq.augmented_star_gene_counts.tsv,05bfeecde7362dbcbae722eb21ce6d96,4223188,TCGA-05-4433,TCGA-05-4433-01A,1e9dac94-1a10-47d0-ae92-81d38a264376,Primary Tumor,TCGA-05-4433-01A-22R-1858-07,eecca6e2e475aab335bd7c365025ca0d0daa144b,,eligible,False
668d7295-629a-496a-b525-b5b8157baf11,e25887be-64fe-4e7c-983b-4fbdec52c4b7.rna_seq.augmented_star_gene_counts.tsv,4d3665909fdb463d2fb915b38b7159fb,4251449,TCGA-69-7979,TCGA-69-7979-01A,ce8e86ec-52dd-45ad-b65f-ca10e5f782f4,Primary Tumor,TCGA-69-7979-01A-11R-2187-07,eecca6e2e475aab335bd7c365025ca0d0daa144b,,eligible,False
a14f02d4-6d07-409d-af7a-5d5f23640ad6,56081bb7-480c-446f-9e21-41627df3b569.rna_seq.augmented_star_gene_counts.tsv,2e1a8ae5832ddda9dbc8ed7f12addd27,4242102,TCGA-95-7944,TCGA-95-7944-01A,51206ca4-92c3-4fab-94a7-7f38aa4e0bee,Primary Tumor,TCGA-95-7944-01A-11R-2187-07,eecca6e2e475aab335bd7c365025ca0d0daa144b,,eligible,False
3563bce2-6547-4081-883e-1e7e498c83be,59e8b7b7-5183-4655-aa5e-e4b5ba73eded.rna_seq.augmented_star_gene_counts.tsv,f31fdad9c9382c6c9983bfb59b11fb5e,4217198,TCGA-55-7727,TCGA-55-7727-01A,d69112ac-842a-4ac1-82be-af6fac624ca4,Primary Tumor,TCGA-55-7727-01A-11R-2170-07,eecca6e2e475aab335bd7c365025ca0d0daa144b,,eligible,False
d86a1079-2f10-4c42-9b6a-14498715c4ad,a8d269f5-ebc9-4b2a-9cd9-7019204a246f.rna_seq.augmented_star_gene_counts.tsv,9b5186c451573de3055e2e0c40cefd0b,4250409,TCGA-93-8067,TCGA-93-8067-01A,45885727-79fe-43d6-866e-1fe7ded4bfdc,Primary Tumor,TCGA-93-8067-01A-11R-2287-07,eecca6e2e475aab335bd7c365025ca0d0daa144b,History of acceptable prior treatment related to a prior/other malignancy; Prior malignancy,eligible,False
7429ab01-a223-4be3-9b41-99100ea06d99,e860f314-beb1-4dfd-adb8-e188f13ca1c8.rna_seq.augmented_star_gene_counts.tsv,18faa9f923350f09f5f136d780c74582,4248016,TCGA-05-4418,TCGA-05-4418-01A,c9e092b2-d6c3-4161-bd9e-0fa4015bebbb,Primary Tumor,TCGA-05-4418-01A-01R-1206-07,eecca6e2e475aab335bd7c365025ca0d0daa144b,Prior malignancy,eligible,False
7a26df49-5d12-4dc2-b686-07e015a415b0,1e3d606d-e374-460c-a046-b6c98aa8256b.rna_seq.augmented_star_gene_counts.tsv,4227d00c4ec12db70520d68161741ce9,4235093,TCGA-67-6217,TCGA-67-6217-01A,bc0fe45c-3249-46d7-8991-c6888f0b9579,Primary Tumor,TCGA-67-6217-01A-11R-1755-07,eecca6e2e475aab335bd7c365025ca0d0daa144b,Synchronous malignancy,eligible,False
aabb1f03-8a4e-4d38-b09e-d9b56b5b921c,f8cc4515-2576-4a72-9cf1-28dfe774eda9.rna_seq.augmented_star_gene_counts.tsv,52fff028a9744532f9c134b9cc53037e,4257091,TCGA-55-1595,TCGA-55-1595-01A,b8e996d3-14b1-465f-b1e3-d6849b144be1,Primary Tumor,TCGA-55-1595-01A-01R-0946-07,eecca6e2e475aab335bd7c365025ca0d0daa144b,History of acceptable prior treatment related to a prior/other malignancy; Prior malignancy,eligible,False
3e752bb7-c91d-46f8-ba39-a40e26357b4d,32dd8db9-1e43-497e-a35a-664d7d15ed60.rna_seq.augmented_star_gene_counts.tsv,ea16407248bc5498807d4a096f857771,4248639,TCGA-55-8091,TCGA-55-8091-01A,55b07618-5b99-436f-a0dd-fe96a13851d6,Primary Tumor,TCGA-55-8091-01A-11R-2241-07,eecca6e2e475aab335bd7c365025ca0d0daa144b,Prior malignancy,eligible,False
b4de06a8-883b-4d02-afc6-d926c588c4ee,819e9776-131f-4c00-b93c-9936cbcc55b8.rna_seq.augmented_star_gene_counts.tsv,3eb007b6bd0a164f0f79485eeaecbe4b,4232066,TCGA-05-4384,TCGA-05-4384-01A,e4416303-50b0-4316-bfee-030c7b29fac6,Primary Tumor,TCGA-05-4384-01A-01R-1755-07,eecca6e2e475aab335bd7c365025ca0d0daa144b,Prior malignancy,eligible,False
a03c9de0-7526-4942-8a7a-5fe03ea191f6,3ce23908-d2b9-42b0-a409-5fbd767496c2.rna_seq.augmented_star_gene_counts.tsv,733ac10a0be01831a6086753e86afd82,4225761,TCGA-49-6742,TCGA-49-6742-01A,f0a4ae58-d5bc-4ab0-b1cf-0d951ea91fc7,Primary Tumor,TCGA-49-6742-01A-11R-1858-07,eecca6e2e475aab335bd7c365025ca0d0daa144b,Prior malignancy,eligible,True
6ac6539b-76a3-4b1c-8da3-6d621308454a,f3d482bb-14e8-4569-bee4-22d7d2a027ea.rna_seq.augmented_star_gene_counts.tsv,6f7def999c58d9701e5fafea74cf01a4,4213184,TCGA-55-7725,TCGA-55-7725-01A,f9455bbc-a475-476e-bd97-6137fb011e65,Primary Tumor,TCGA-55-7725-01A-11R-2170-07,eecca6e2e475aab335bd7c365025ca0d0daa144b,History of acceptable prior treatment related to a prior/other malignancy; Prior malignancy,eligible,False
3ce6800e-9df0-45a7-9e18-7e141911e4e9,0c73a12d-b6a0-4ee0-9364-6744964e3526.rna_seq.augmented_star_gene_counts.tsv,a0f2516641e60c6c2abb721ab1d8fef3,4214329,TCGA-55-6979,TCGA-55-6979-11A,b431b2d3-66b6-4d0a-b90b-c526341e9170,Solid Tissue Normal,TCGA-55-6979-11A-01R-1949-07,eecca6e2e475aab335bd7c365025ca0d0daa144b,Prior malignancy,eligible,True
4f00f94a-f0db-4840-a230-3bc9866bc184,ff298d6f-071c-417a-acbe-a9ff38494f87.rna_seq.augmented_star_gene_counts.tsv,b725ce882c43e0bec66f28de9986718c,4234252,TCGA-55-7573,TCGA-55-7573-01A,482c1c70-ae61-45da-b1c0-4303abdda2cd,Primary Tumor,TCGA-55-7573-01A-11R-2039-07,eecca6e2e475aab335bd7c365025ca0d0daa144b,Prior malignancy,eligible,False
2ff24c33-39c6-4171-af42-f54e4ee8b021,2f93d52a-e8ab-454b-ae76-74b35cd561da.rna_seq.augmented_star_gene_counts.tsv,202684ca4587493c7e347a944af3346e,4224352,TCGA-50-5935,TCGA-50-5935-11A,7d689c5f-365d-4e69-8ae6-971d96d56df1,Solid Tissue Normal,TCGA-50-5935-11A-01R-1858-07,eecca6e2e475aab335bd7c365025ca0d0daa144b,Prior malignancy,eligible,True
efc4983d-f573-4996-bf5c-5aaa1aafd730,e38af20a-f4f2-40dc-82c0-69782f9192d7.rna_seq.augmented_star_gene_counts.tsv,90fb3e95ff4f98f566dc67ea2b9739ae,4247266,TCGA-73-4677,TCGA-73-4677-01A,ef88b85a-61ee-44e1-bb63-1b4ce9154bfb,Primary Tumor,TCGA-73-4677-01A-01R-1206-07,eecca6e2e475aab335bd7c365025ca0d0daa144b,,eligible,False
911a72ec-dcb3-4454-8f22-7bd4f9d29b21,fe69fb9c-7215-478c-ae5c-44f5d0814b9d.rna_seq.augmented_star_gene_counts.tsv,03677dc93024ec2bbfb2318d7566c327,4252007,TCGA-J2-A4AD,TCGA-J2-A4AD-01A,bd57c86d-bb0d-40a3-9292-97d6b33db1ea,Primary Tumor,TCGA-J2-A4AD-01A-11R-A24H-07,eecca6e2e475aab335bd7c365025ca0d0daa144b,,eligible,False
f201ba16-5cb7-42d0-9865-e413fffa3532,8fa3359f-1e40-448a-aae8-a955c1ca3323.rna_seq.augmented_star_gene_counts.tsv,7f325759820eec2b59903b524ead48b9,4233317,TCGA-97-8176,TCGA-97-8176-01A,a5bff681-5b9e-4d3e-93d8-b7ae8f2fd233,Primary Tumor,TCGA-97-8176-01A-11R-2403-07,eecca6e2e475aab335bd7c365025ca0d0daa144b,,eligible,False
75719c78-9935-40e0-bd30-1f8eec34badf,74aaf5e2-be23-49b1-b694-3a3dde306a5d.rna_seq.augmented_star_gene_counts.tsv,c92e56274fc2cad8f4eebcc650dfd214,4254844,TCGA-55-7284,TCGA-55-7284-01B,aee334d0-5a07-4392-bf02-aca59066a68f,Primary Tumor,TCGA-55-7284-01B-11R-2241-07,eecca6e2e475aab335bd7c365025ca0d0daa144b,,eligible,False
5edfb99b-ef38-4f97-a59b-efea8738442c,a9a12604-5100-4e45-b7f8-7e7c0d02a139.rna_seq.augmented_star_gene_counts.tsv,8e3e8f70a7451ca5f8d5560d0eee792b,4241383,TCGA-78-7162,TCGA-78-7162-01A,5e9ed3d4-fad6-47fc-aa55-c7e710b76dc8,Primary Tumor,TCGA-78-7162-01A-21R-2066-07,eecca6e2e475aab335bd7c365025ca0d0daa144b,,eligible,False
51c0568a-3e54-42a0-b805-0a90905cc865,b8ae4b22-83b8-4cbf-9d3c-49092b7e0903.rna_seq.augmented_star_gene_counts.tsv,f09d3d552cccd909ac125dafe5b52032,4248243,TCGA-86-8054,TCGA-86-8054-01A,f716c981-41d1-479d-962e-881d6199abce,Primary Tumor,TCGA-86-8054-01A-11R-2241-07,eecca6e2e475aab335bd7c365025ca0d0daa144b,,eligible,False
cb6a3198-2662-4150-bee9-51b692968209,c6dd2eb6-2297-4dc0-8cae-c7a6b733a1c2.rna_seq.augmented_star_gene_counts.tsv,644b65b26d1f69356dfc3abe47adb4ab,4217663,TCGA-50-5066,TCGA-50-5066-01A,478cc306-6aee-4597-8834-1e5cf8b05a59,Primary Tumor,TCGA-50-5066-01A-01R-1628-07,eecca6e2e475aab335bd7c365025ca0d0daa144b,,eligible,False
f1b1d4ff-2556-44c0-80b0-1fd3b659c227,06deab65-ccea-473f-ad0e-7e3928df2e07.rna_seq.augmented_star_gene_counts.tsv,1618b0b86ca8a5699ddee760e8536180,4256229,TCGA-05-4426,TCGA-05-4426-01A,0c06cf85-61eb-4e6d-ae54-b8f5cbab9b63,Primary Tumor,TCGA-05-4426-01A-01R-1206-07,eecca6e2e475aab335bd7c365025ca0d0daa144b,,eligible,False
1a06f92b-21c5-4666-b666-8b9135a4482a,602ac1fc-c8ad-4e47-988b-1e9e1aa3ce26.rna_seq.augmented_star_gene_counts.tsv,52e07da570d86bc245f1908679466015,4230154,TCGA-55-6982,TCGA-55-6982-11A,ffb185aa-75ac-4696-936b-52f35a345a2d,Solid Tissue Normal,TCGA-55-6982-11A-01R-1949-07,eecca6e2e475aab335bd7c365025ca0d0daa144b,,eligible,True
2ab0f01f-2f66-4489-9de7-2a0d61b6ea04,4822db97-46d7-4302-bef9-63086b777e9c.rna_seq.augmented_star_gene_counts.tsv,6ce1dc70e3830a2b4dd0ad2a6c0b55ed,4245788,TCGA-93-A4JO,TCGA-93-A4JO-01A,e88b670d-57af-4001-a9f3-0e13496b426a,Primary Tumor,TCGA-93-A4JO-01A-21R-A24X-07,eecca6e2e475aab335bd7c365025ca0d0daa144b,,eligible,False
ab24be1b-969c-48f2-bc98-8b89bc719b4c,2a48ffd2-9212-48f4-a836-7572eb2feffe.rna_seq.augmented_star_gene_counts.tsv,e3867dbc0c259e4a45e585822b6ee6ba,4236126,TCGA-62-8402,TCGA-62-8402-01A,3e7cdfb1-cdeb-4c56-91aa-08930083b39d,Primary Tumor,TCGA-62-8402-01A-11R-2326-07,eecca6e2e475aab335bd7c365025ca0d0daa144b,,eligible,False
f51ce896-53bf-4f3b-ac5f-a499b84a7add,23aeef43-0657-45f1-835e-52a829f0bea2.rna_seq.augmented_star_gene_counts.tsv,ae9ee229e726c01cdef1606a0e956f1e,4227595,TCGA-55-8506,TCGA-55-8506-01A,db809a73-5e5f-42f2-ab05-89bac944411d,Primary Tumor,TCGA-55-8506-01A-11R-2403-07,eecca6e2e475aab335bd7c365025ca0d0daa144b,,eligible,False
58dcd45a-714f-4a22-b367-813dd41829de,f21b5258-2e93-4fe0-bd98-9eb1216e824b.rna_seq.augmented_star_gene_counts.tsv,5c25b3fcf6e406dd7eda01e20d90b5d3,4233595,TCGA-35-4122,TCGA-35-4122-01A,587f8383-3a48-49af-8ac4-d86e6009c96b,Primary Tumor,TCGA-35-4122-01A-01R-1107-07,eecca6e2e475aab335bd7c365025ca0d0daa144b,,eligible,False
deddc259-f962-468a-bfcf-60da1e695833,d34f0d3c-a058-4569-a8c8-380ada182e76.rna_seq.augmented_star_gene_counts.tsv,6af5bf4748e870fd24ec95a64192037d,4248771,TCGA-55-6978,TCGA-55-6978-01A,500910ea-f0c9-4ed9-a2c6-510f92c36e7d,Primary Tumor,TCGA-55-6978-01A-11R-1949-07,eecca6e2e475aab335bd7c365025ca0d0daa144b,Prior malignancy,eligible,True
ad636e79-be59-4821-8303-7d2e7389b22f,6545e778-687c-4b82-b6b6-b5d438879069.rna_seq.augmented_star_gene_counts.tsv,9224887fc22623d57544ed20ebfdd384,4241983,TCGA-78-7535,TCGA-78-7535-01A,c0a8c73c-35ba-4724-b13a-9a9986af36c0,Primary Tumor,TCGA-78-7535-01A-11R-2066-07,eecca6e2e475aab335bd7c365025ca0d0daa144b,,eligible,False
bbbd3cd5-cfd3-418b-ab3a-243de430a5e1,3e5fa22c-f02a-4da4-881c-6aa2869058c1.rna_seq.augmented_star_gene_counts.tsv,bf0dec795bf24b3a857db6ac3f782885,4245859,TCGA-86-8281,TCGA-86-8281-01A,fbb7751d-75ca-45aa-af13-ed5cfb01ef41,Primary Tumor,TCGA-86-8281-01A-11R-2287-07,eecca6e2e475aab335bd7c365025ca0d0daa144b,,eligible,False
37fe51a0-c056-492e-b0c5-eb0502d73416,fec056a5-e860-4b68-8fa0-39cb7ad78a62.rna_seq.augmented_star_gene_counts.tsv,8cd4f7b0a914f01a83e8a685b9000b42,4241793,TCGA-62-8395,TCGA-62-8395-01A,aafb0ebe-3fde-4cfb-a560-11e85e839dcc,Primary Tumor,TCGA-62-8395-01A-11R-2326-07,eecca6e2e475aab335bd7c365025ca0d0daa144b,,eligible,False
07a53d2a-ebf6-4517-880a-064bae5ee972,d20f5121-5e33-4b35-8cdf-df2eb51a099d.rna_seq.augmented_star_gene_counts.tsv,ba99497a83fd8312faf8218093ec83fe,4236934,TCGA-05-4424,TCGA-05-4424-01A,a4d06d63-8da9-4c3c-a75d-4079c2238aa8,Primary Tumor,TCGA-05-4424-01A-22R-1858-07,eecca6e2e475aab335bd7c365025ca0d0daa144b,,eligible,False
2a9f6775-bb04-4262-9eb2-d64a8e027010,4564496a-31da-4537-abe0-5b3f2455ed13.rna_seq.augmented_star_gene_counts.tsv,cfbc230d887e8a78009a208db0c503c2,4217797,TCGA-05-5429,TCGA-05-5429-01A,fbc90b42-7d26-456b-a166-41993a1d3f0d,Primary Tumor,TCGA-05-5429-01A-01R-1628-07,eecca6e2e475aab335bd7c365025ca0d0daa144b,,eligible,False
55bbaa27-e618-48d6-bac3-80e9cfbcdf2c,81e85e60-a0b6-4898-8cb0-02ac1a70f157.rna_seq.augmented_star_gene_counts.tsv,741d33e726c4c9be4b6046322f6af731,4254644,TCGA-44-3919,TCGA-44-3919-01A,9de8d353-3442-41d8-8bfe-a08c4975eaca,Primary Tumor,TCGA-44-3919-01A-02R-1107-07,eecca6e2e475aab335bd7c365025ca0d0daa144b,,eligible,False
f90939c7-6e24-4aa5-8c34-c1fc1b79e485,07c5dadf-e801-4c1f-9109-7a2495407c75.rna_seq.augmented_star_gene_counts.tsv,e1c6b552afd94863fc737dc4c5856637,4249992,TCGA-97-A4M5,TCGA-97-A4M5-01A,091e0712-7fde-442c-aef1-5c504f91b227,Primary Tumor,TCGA-97-A4M5-01A-11R-A24X-07,eecca6e2e475aab335bd7c365025ca0d0daa144b,,eligible,False
25857230-7253-4929-a790-90815194b213,b6e9752c-ad52-457d-a37c-78ffb7ddc520.rna_seq.augmented_star_gene_counts.tsv,a4f53cf3e7f9f8af8b7f339c48a83732,4242305,TCGA-78-7537,TCGA-78-7537-01A,42395277-99e9-40db-8fae-b91681b9fd4e,Primary Tumor,TCGA-78-7537-01A-11R-2066-07,eecca6e2e475aab335bd7c365025ca0d0daa144b,,eligible,False
7f67633b-3eba-4891-94aa-b3e38f6927ae,acbeca74-24ec-4e54-98e6-d3f59475dde9.rna_seq.augmented_star_gene_counts.tsv,68f224b4f8fa9a7750f70100bb534b5e,4229430,TCGA-55-7281,TCGA-55-7281-01A,afec3b25-c3f7-4e48-8fb0-6fb4dd581081,Primary Tumor,TCGA-55-7281-01A-11R-2039-07,eecca6e2e475aab335bd7c365025ca0d0daa144b,,eligible,False
44d8e988-1a2b-4588-a64a-cf5a6c164e03,71809317-f775-4faa-b1c6-40bae85c69aa.rna_seq.augmented_star_gene_counts.tsv,e64e8b3dc34a42bcb1239702ab82508f,4256464,TCGA-93-A4JQ,TCGA-93-A4JQ-01A,0d7f5772-0319-4b56-9970-49fd21082f04,Primary Tumor,TCGA-93-A4JQ-01A-11R-A24X-07,eecca6e2e475aab335bd7c365025ca0d0daa144b,,eligible,False
44964e02-9283-4a48-a9e4-006a75d4120e,b0747254-d7fd-4ec9-96b1-d132540c4b46.rna_seq.augmented_star_gene_counts.tsv,0eead65bb92ab1e66f317179542270a8,4226821,TCGA-55-8514,TCGA-55-8514-01A,a236f15a-76cc-4a2d-9087-e824ad581453,Primary Tumor,TCGA-55-8514-01A-11R-2403-07,eecca6e2e475aab335bd7c365025ca0d0daa144b,,eligible,False
9ee64463-e09f-4983-b83d-a6a5481cab9a,681308e4-1122-4343-9d6b-63df6a39d302.rna_seq.augmented_star_gene_counts.tsv,1d8b1e8e20fc34de64dead5341e1408a,4241969,TCGA-MP-A4TH,TCGA-MP-A4TH-01A,b574f6d5-8cd6-4e23-92ac-2a2b64eded38,Primary Tumor,TCGA-MP-A4TH-01A-31R-A262-07,eecca6e2e475aab335bd7c365025ca0d0daa144b,,eligible,False
129f7ee5-6342-4a24-9317-d52462ce6a70,059b5dc1-45f7-4d7c-b07a-878b6db6d881.rna_seq.augmented_star_gene_counts.tsv,3d36ac641444458dae35b1bc7beed92e,4227408,TCGA-78-7156,TCGA-78-7156-01A,fab452a2-a57a-4d63-80bc-2ad2b5a20f03,Primary Tumor,TCGA-78-7156-01A-11R-2039-07,eecca6e2e475aab335bd7c365025ca0d0daa144b,,eligible,False
87b32d0a-6e9c-466d-a563-688142d3df95,c45c7b03-a317-4dac-ba0f-19989348cae3.rna_seq.augmented_star_gene_counts.tsv,fff2a6655b234dfc7eee7fb4c1e625d3,4250270,TCGA-55-8208,TCGA-55-8208-01A,6ea79640-5376-40fd-b9d4-e846335579d2,Primary Tumor,TCGA-55-8208-01A-11R-2241-07,eecca6e2e475aab335bd7c365025ca0d0daa144b,,eligible,False
e98c7df6-1a65-41a0-9182-c752c89eafc7,01ebdef8-920f-4b71-8b44-512598962d6b.rna_seq.augmented_star_gene_counts.tsv,ce69c10f5a07fcfa46a19656605b17e4,4252280,TCGA-99-8032,TCGA-99-8032-01A,754b78a3-43cd-467c-bcca-377f76b9038f,Primary Tumor,TCGA-99-8032-01A-11R-2241-07,eecca6e2e475aab335bd7c365025ca0d0daa144b,,eligible,False
f700b996-2ccf-4f59-9249-da7f087054ba,8885b4e5-f8e7-4198-b7ce-bc5c754f504d.rna_seq.augmented_star_gene_counts.tsv,da8693731d4ddbd18542f3fe834f75a9,4248467,TCGA-50-6595,TCGA-50-6595-11A,572aec4a-6aa4-4528-b994-885415e7eea2,Solid Tissue Normal,TCGA-50-6595-11A-01R-1858-07,eecca6e2e475aab335bd7c365025ca0d0daa144b,,eligible,True
f7c8bdd7-48f6-4ecd-a4ae-78ffcb2fb28d,3e08ac76-9fba-40cf-8743-e2e1fb14f067.rna_seq.augmented_star_gene_counts.tsv,4cd0279e8685095a42f2428c471de77f,4221778,TCGA-50-6594,TCGA-50-6594-01A,dab00804-e92f-43f1-9348-16f3015b5dce,Primary Tumor,TCGA-50-6594-01A-11R-1755-07,eecca6e2e475aab335bd7c365025ca0d0daa144b,,eligible,False
850bb68e-cea7-4d66-b044-24dbef74e255,d737cd97-619a-4fc3-9ae2-87e1f4b19beb.rna_seq.augmented_star_gene_counts.tsv,670bc0043db7dc4624db1eb7a3be77ab,4241058,TCGA-44-A479,TCGA-44-A479-01A,9a91307f-a0b6-4baf-85be-95bfcf0d095a,Primary Tumor,TCGA-44-A479-01A-31R-A24H-07,eecca6e2e475aab335bd7c365025ca0d0daa144b,,eligible,False
51054c11-8e2f-4f52-bdaf-ebb515508a28,5158a031-b856-4423-9418-031b3107e88f.rna_seq.augmented_star_gene_counts.tsv,b1ff3cf25bf73c2cdbda898c85e37778,4258291,TCGA-86-8075,TCGA-86-8075-01A,23157ce2-7257-4118-9a6e-4cdfbc6c4bf7,Primary Tumor,TCGA-86-8075-01A-11R-2241-07,eecca6e2e475aab335bd7c365025ca0d0daa144b,,eligible,False
52d91ece-345c-4c5d-800a-121955b93c66,91e79d93-01a8-4908-805a-12678d68a543.rna_seq.augmented_star_gene_counts.tsv,37abd7a06ebbf7e3fc3457af2eecbe5c,4235935,TCGA-86-A456,TCGA-86-A456-01A,e48c5428-b22b-40a8-8f42-193c68e48f07,Primary Tumor,TCGA-86-A456-01A-11R-A24H-07,eecca6e2e475aab335bd7c365025ca0d0daa144b,,eligible,False
b0a1b626-c44b-4a95-b4a4-383fc63f8649,233b6aa7-9d3f-4db0-a900-03f7cf4d0ac4.rna_seq.augmented_star_gene_counts.tsv,b7c92987759a21776856c723f9351d36,4231740,TCGA-NJ-A55O,TCGA-NJ-A55O-01A,ea2baaca-c8b1-4c4b-8890-47003f63f9b3,Primary Tumor,TCGA-NJ-A55O-01A-11R-A262-07,eecca6e2e475aab335bd7c365025ca0d0daa144b,,eligible,False
9f0a9ce9-6258-4a82-84c1-dc017a7eb760,129a4f1c-81ee-4ebb-8c97-0a60fcc114d6.rna_seq.augmented_star_gene_counts.tsv,734863b21c2394f695dd66446c1ff58b,4254157,TCGA-99-7458,TCGA-99-7458-01A,f6e030dc-ed9a-43c5-8d47-bf2f039e780d,Primary Tumor,TCGA-99-7458-01A-11R-2039-07,eecca6e2e475aab335bd7c365025ca0d0daa144b,,eligible,False
ad8bf3fe-2831-4c1c-81f9-c65e09b2d45e,34d64c67-b35b-418e-a7b2-759804876762.rna_seq.augmented_star_gene_counts.tsv,6367a7f9e1c6082c9ed940caa1751941,4213808,TCGA-91-6849,TCGA-91-6849-01A,4bee0576-d35f-477b-b974-79cb89c88950,Primary Tumor,TCGA-91-6849-01A-11R-1949-07,eecca6e2e475aab335bd7c365025ca0d0daa144b,,eligible,True
22cae278-eb88-4685-9ff7-667e53b50a34,e0dabde8-1dd8-4aa6-9f23-51dc22fc2cae.rna_seq.augmented_star_gene_counts.tsv,27dc15ea77c9cb87d973c3011e549d6b,4257692,TCGA-99-8033,TCGA-99-8033-01A,5e686ec3-9100-4153-9a90-8b7fb8d4ba0a,Primary Tumor,TCGA-99-8033-01A-11R-2241-07,eecca6e2e475aab335bd7c365025ca0d0daa144b,,eligible,False
8dbb93bd-bf45-4148-acdb-6609d5c4a1e3,ce9e3b71-b907-4c30-bbc9-fd929a6df15b.rna_seq.augmented_star_gene_counts.tsv,208c0166671cd6078ea6dccc6734c570,4217876,TCGA-55-6975,TCGA-55-6975-11A,b42fbf86-25db-46ec-b71f-18b8d9b83bc1,Solid Tissue Normal,TCGA-55-6975-11A-01R-1949-07,eecca6e2e475aab335bd7c365025ca0d0daa144b,,eligible,True
cfac28bf-001d-4db8-942a-d244f93139a7,1aa0401e-b389-4852-87ef-e1ae357b76dc.rna_seq.augmented_star_gene_counts.tsv,e17d1cfcf70f857f065627ce9e07a143,4235244,TCGA-50-8459,TCGA-50-8459-01A,6023ee7e-e392-4f33-a781-7af6bff1a403,Primary Tumor,TCGA-50-8459-01A-11R-2326-07,eecca6e2e475aab335bd7c365025ca0d0daa144b,,eligible,False
8a518a19-2c85-42ec-b027-47139aa442d4,14e05372-1acb-4479-904b-ce8acef028eb.rna_seq.augmented_star_gene_counts.tsv,1b1c74710c48e56bab58f70be921efbd,4236191,TCGA-78-7150,TCGA-78-7150-01A,4a1d97dd-fdd4-4c57-8dda-7b320237af36,Primary Tumor,TCGA-78-7150-01A-21R-2039-07,eecca6e2e475aab335bd7c365025ca0d0daa144b,,eligible,False
692a5c89-8f1a-4e23-a490-b092c6bb37c5,64a2d5cb-2892-4d2a-aa7a-cc1a6dec1c46.rna_seq.augmented_star_gene_counts.tsv,44a3b36c64045a88bed0b6f746dd4e2a,4251917,TCGA-MP-A4TA,TCGA-MP-A4TA-01A,e13c84fa-e93c-42dd-874f-c1d616c72dd8,Primary Tumor,TCGA-MP-A4TA-01A-21R-A24X-07,eecca6e2e475aab335bd7c365025ca0d0daa144b,,eligible,False
09fb135f-1c19-45d6-ae31-a8c32a0e06bf,36280315-a32b-4743-8a78-82bbfd116b82.rna_seq.augmented_star_gene_counts.tsv,f2c8d8dd2b102f328d7433c2f2a34913,4215958,TCGA-49-4512,TCGA-49-4512-11A,67bf333d-f746-497f-b6b1-f241e93dc467,Solid Tissue Normal,TCGA-49-4512-11A-01R-1858-07,eecca6e2e475aab335bd7c365025ca0d0daa144b,,eligible,True
e4bb1f41-bf42-43f3-aba5-98f3a02a7e03,aa2d6144-50d3-4096-9ecf-3cc0ceac7f41.rna_seq.augmented_star_gene_counts.tsv,c297cdc63b9bfaf4d020bd36773631ed,4244263,TCGA-50-5045,TCGA-50-5045-01A,bdd75bca-6224-4743-a367-cb1ff01e8121,Primary Tumor,TCGA-50-5045-01A-01R-1628-07,eecca6e2e475aab335bd7c365025ca0d0daa144b,,eligible,False
64101504-305f-4c62-bc27-40493e3c9575,5541c1a3-e0e5-4ded-ae0a-687e87a7d708.rna_seq.augmented_star_gene_counts.tsv,c2d8a1280069d1ae4f6875d99bd94ce3,4222700,TCGA-75-6203,TCGA-75-6203-01A,336eb991-5705-4bc0-a167-6d7f82f81697,Primary Tumor,TCGA-75-6203-01A-11R-1755-07,eecca6e2e475aab335bd7c365025ca0d0daa144b,,eligible,False
736227d9-3cee-40ed-bdec-0e88968ef179,7623e22f-3401-47b3-be94-23f5da20ee0d.rna_seq.augmented_star_gene_counts.tsv,f1a74a7251cb845a2daba64797c8aabc,4217863,TCGA-44-6776,TCGA-44-6776-01A,64fb8eba-a055-4128-92ca-695a3a6f8ebd,Primary Tumor,TCGA-44-6776-01A-11R-1858-07,eecca6e2e475aab335bd7c365025ca0d0daa144b,Synchronous malignancy,eligible,True
a5c19494-731c-4519-b8a7-b7307aea2f9c,cb3c7090-d221-4c88-896f-6199118ae5d2.rna_seq.augmented_star_gene_counts.tsv,60570cc260913e17d4ddf6c71e6e7a61,4225403,TCGA-44-6776,TCGA-44-6776-11A,da9934b1-92aa-4a5f-b12d-efe510fd7499,Solid Tissue Normal,TCGA-44-6776-11A-01R-1858-07,eecca6e2e475aab335bd7c365025ca0d0daa144b,Synchronous malignancy,eligible,True
942673a7-5072-466f-985c-42d38aeb5c2c,145db6c5-f7ad-4e2f-88f1-d68bc457848a.rna_seq.augmented_star_gene_counts.tsv,510c95ee4efb8e39011f66d20495ded5,4266679,TCGA-97-8172,TCGA-97-8172-01A,d516aff8-1bb4-4627-885a-0c247ae4ae57,Primary Tumor,TCGA-97-8172-01A-11R-2287-07,eecca6e2e475aab335bd7c365025ca0d0daa144b,Prior malignancy,eligible,False
5ddf8f4a-edd8-4b97-8d4d-76655d9018c5,59a0b90e-8b8b-41b8-95f0-d51961a94be5.rna_seq.augmented_star_gene_counts.tsv,26904b98fc550132996ccef4342a5cb3,4221814,TCGA-05-4396,TCGA-05-4396-01A,4d85772b-287e-4790-b1e8-cd1c0e88ad48,Primary Tumor,TCGA-05-4396-01A-21R-1858-07,eecca6e2e475aab335bd7c365025ca0d0daa144b,Prior malignancy,eligible,False
765f26d4-120a-459d-90c7-74a8532b407c,fa7777c7-e04a-41db-9ade-0c875c62411f.rna_seq.augmented_star_gene_counts.tsv,6f458d0bdc6812915432f06e1019dd20,4228472,TCGA-55-6979,TCGA-55-6979-01A,11e65f8b-4e48-42e7-a87c-bcf2538168c6,Primary Tumor,TCGA-55-6979-01A-11R-1949-07,eecca6e2e475aab335bd7c365025ca0d0daa144b,Prior malignancy,eligible,True
a4ed7fd8-e220-46e6-90f7-3b208dbf4e05,9f4c2cc8-8675-43be-98bb-004c45ba5a51.rna_seq.augmented_star_gene_counts.tsv,95ae46920b3248fa70bdcaf05e514ef3,4237269,TCGA-91-7771,TCGA-91-7771-01A,25b98904-0171-403a-a66f-11f586ecf8c0,Primary Tumor,TCGA-91-7771-01A-11R-2170-07,eecca6e2e475aab335bd7c365025ca0d0daa144b,Synchronous malignancy,eligible,False
8148f34c-1ddd-454a-8761-8b76e97e8534,4a39a182-e583-4ff0-a8f0-f73b0f5c4f20.rna_seq.augmented_star_gene_counts.tsv,4b5d514b2aa04892b35a766af78e6ea7,4221589,TCGA-50-5939,TCGA-50-5939-01A,6a27f5f8-f4ee-45c7-b953-ddd7d0291dbb,Primary Tumor,TCGA-50-5939-01A-11R-1628-07,eecca6e2e475aab335bd7c365025ca0d0daa144b,Prior malignancy,eligible,True
0f01f50f-495a-455d-986d-28c65e345a80,06c83065-5800-451a-84a7-7a7f352493ec.rna_seq.augmented_star_gene_counts.tsv,cbd8ecfb77292db5806d978fdb5b45a5,4243547,TCGA-78-7633,TCGA-78-7633-01A,b49eb906-19c3-4eb7-93f7-1c37bc85ce61,Primary Tumor,TCGA-78-7633-01A-11R-2066-07,eecca6e2e475aab335bd7c365025ca0d0daa144b,Synchronous malignancy,eligible,False
49453e81-56b8-43b7-b56f-6195038a1142,ed30ab10-5d65-4aeb-ba72-ec3e9b768cd3.rna_seq.augmented_star_gene_counts.tsv,48a773f9dc82c8e4558bd66038da6bea,4212895,TCGA-64-1677,TCGA-64-1677-01A,cd1bdd0b-eae2-4fc5-8da2-4d13926c7885,Primary Tumor,TCGA-64-1677-01A-01R-0946-07,eecca6e2e475aab335bd7c365025ca0d0daa144b,History of acceptable prior treatment related to a prior/other malignancy; Prior malignancy,eligible,False
97541ffe-94e7-4130-9bac-65528de8d6f5,c4115468-0566-49e2-a86f-9c7faf6388f5.rna_seq.augmented_star_gene_counts.tsv,045d74c1879f0e7d28551f80a97be495,4246611,TCGA-86-7955,TCGA-86-7955-01A,85e8a3bf-0536-4556-a40f-8a523c04b337,Primary Tumor,TCGA-86-7955-01A-11R-2187-07,eecca6e2e475aab335bd7c365025ca0d0daa144b,,eligible,False
8e510682-b05c-4792-a149-d713db6d082d,fbb4d953-39c3-4e94-a99c-a8927421709e.rna_seq.augmented_star_gene_counts.tsv,d891688f21082475033c26e298d59b7c,4231087,TCGA-50-6590,TCGA-50-6590-01A,fbc17626-365c-4be6-b3a7-d282e7c19236,Primary Tumor,TCGA-50-6590-01A-12R-1858-07,eecca6e2e475aab335bd7c365025ca0d0daa144b,,eligible,False
3604ee2d-3fdc-40fa-95ab-a3f420334ac5,7ecd6087-9663-4d9d-828d-d9e9b5241c3c.rna_seq.augmented_star_gene_counts.tsv,e54ee6eb012e144e17a1dc46f773e1dd,4223513,TCGA-86-8674,TCGA-86-8674-01A,1a954c08-6297-4c7f-ad8c-e50cb2754f7e,Primary Tumor,TCGA-86-8674-01A-21R-2403-07,eecca6e2e475aab335bd7c365025ca0d0daa144b,,eligible,False
29bb005f-53d0-44e6-8626-d6bbe0dba8be,d53203c7-5070-455b-aec3-ce01f32186de.rna_seq.augmented_star_gene_counts.tsv,6fb070522dad7bdec32689d09a192b0d,4235128,TCGA-67-3771,TCGA-67-3771-01A,b0410cd6-693d-41d6-9dad-d1b1c30bf5cb,Primary Tumor,TCGA-67-3771-01A-01R-0946-07,eecca6e2e475aab335bd7c365025ca0d0daa144b,,eligible,False
661b6fed-d56a-452b-adaa-4b48ee9f4dbb,bc46dd0e-3136-4d9b-8fc3-dee56d6e39cf.rna_seq.augmented_star_gene_counts.tsv,2ea130a0ae67c870c7772cf2a3ea3214,4242369,TCGA-38-4625,TCGA-38-4625-11A,0d76e56d-bc9d-4085-aa3c-c6edbdb6dd59,Solid Tissue Normal,TCGA-38-4625-11A-01R-1758-07,eecca6e2e475aab335bd7c365025ca0d0daa144b,,eligible,True
69933ac8-e7a7-43b6-8231-2ecb35f88d52,c9d8385a-9f73-48f9-bca4-1c0647881bfd.rna_seq.augmented_star_gene_counts.tsv,8eafe6fede10733417326ed7b3e61f12,4235050,TCGA-50-5931,TCGA-50-5931-01A,16a2d381-75a0-423b-aac2-d5710afb183b,Primary Tumor,TCGA-50-5931-01A-11R-1755-07,eecca6e2e475aab335bd7c365025ca0d0daa144b,,eligible,True
3f441cc8-98bd-4650-b5ad-19ae8542b666,a27393cf-e1e1-427f-9a96-40e2ab1af0d1.rna_seq.augmented_star_gene_counts.tsv,00edf1e747b19b85445caea8a1c2840e,4227666,TCGA-91-6829,TCGA-91-6829-11A,eedf6790-10f7-4c33-a1a6-7857ad23f7e8,Solid Tissue Normal,TCGA-91-6829-11A-01R-1858-07,eecca6e2e475aab335bd7c365025ca0d0daa144b,,eligible,True
8a884668-03c2-44bb-8ea0-5b0d0bc68aa4,c8e5ea6c-c6b1-4807-8d9f-b2e96154a1eb.rna_seq.augmented_star_gene_counts.tsv,041a0de4e94a309df0391132ec129e3c,4230058,TCGA-69-7763,TCGA-69-7763-01A,5aa09c6e-a062-4834-aa6d-4ec1bed510d7,Primary Tumor,TCGA-69-7763-01A-11R-2170-07,eecca6e2e475aab335bd7c365025ca0d0daa144b,,eligible,False
ffec28dd-cc44-4057-bcc3-ccc0cd2331c2,d21d91e9-6e19-4c5f-aa2e-cdd41d98e542.rna_seq.augmented_star_gene_counts.tsv,ea7b5b0033e14dc6c804d58059f6ac0c,4236967,TCGA-91-6829,TCGA-91-6829-01A,9b416640-9aec-4b0d-aa88-b94287375950,Primary Tumor,TCGA-91-6829-01A-21R-1858-07,eecca6e2e475aab335bd7c365025ca0d0daa144b,,eligible,True
62cdda72-a90e-49e7-9423-24540d696049,ed4e21ee-1471-479e-af75-72c91986787a.rna_seq.augmented_star_gene_counts.tsv,dc44c4bafed2c3e608eb6cb78ec86701,4223246,TCGA-75-5146,TCGA-75-5146-01A,373c5231-b6ae-49db-ac0d-d674a0c9c100,Primary Tumor,TCGA-75-5146-01A-01R-1628-07,eecca6e2e475aab335bd7c365025ca0d0daa144b,,eligible,False
c2accf79-6461-4082-b201-c6f881dc6ea2,93f32fe3-cb5b-4910-bf06-e20c876cd8a5.rna_seq.augmented_star_gene_counts.tsv,578577b59eaa0ad09be187e2d01d1b96,4232708,TCGA-78-7149,TCGA-78-7149-01A,bff592ed-0ba6-44c2-b04e-0aad7b73089d,Primary Tumor,TCGA-78-7149-01A-11R-2039-07,eecca6e2e475aab335bd7c365025ca0d0daa144b,,eligible,False
bb5264e1-0dbf-4b28-9fbe-0a8602c13369,a787801a-cb3f-4a1f-b14c-ed8f2bfd6028.rna_seq.augmented_star_gene_counts.tsv,3de80aa07bf3010339966a38a78ba426,4218481,TCGA-75-6212,TCGA-75-6212-01A,4f516204-3c17-4df0-b9bb-6b6dc9af4fd2,Primary Tumor,TCGA-75-6212-01A-11R-1755-07,eecca6e2e475aab335bd7c365025ca0d0daa144b,,eligible,False
1860869f-ecb5-43ae-9714-328ff5748c2a,b57cc3e6-9017-48b7-9de9-74fe57d9bf6d.rna_seq.augmented_star_gene_counts.tsv,a515e535c4089d239c9ec3ab7b071b32,4255315,TCGA-55-6987,TCGA-55-6987-01A,d0bfb6cc-abc4-4b09-b668-1003f3eed1a7,Primary Tumor,TCGA-55-6987-01A-11R-1949-07,eecca6e2e475aab335bd7c365025ca0d0daa144b,,eligible,False
0344d3bb-8bb2-459e-bc1f-ba31c7470d08,39807893-979e-44c6-ada9-444c68b863c3.rna_seq.augmented_star_gene_counts.tsv,813876c8339211b5f2dbd9bfa5ede767,4241361,TCGA-MP-A4T4,TCGA-MP-A4T4-01A,59546c0f-5f27-43bf-aa2e-90dc44c971b6,Primary Tumor,TCGA-MP-A4T4-01A-11R-A262-07,eecca6e2e475aab335bd7c365025ca0d0daa144b,,eligible,False
4b11527c-fb98-4ad4-aaac-6f0c6c1d185c,78e95f3e-1067-48a8-9429-dfdd6f587066.rna_seq.augmented_star_gene_counts.tsv,6d0cc74da5bd27143b1a5fce6fbeeee5,4219964,TCGA-55-6980,TCGA-55-6980-01A,c58243d7-77ea-4806-8298-2e322d5219a3,Primary Tumor,TCGA-55-6980-01A-11R-1949-07,eecca6e2e475aab335bd7c365025ca0d0daa144b,,eligible,True
a8252e2f-1dbd-4f3c-9e11-599a33d6fd24,a43440a1-25e9-4841-8cc0-b5c5ebc4a8b7.rna_seq.augmented_star_gene_counts.tsv,eedaea98c82a46a1b10d887366dba45c,4220412,TCGA-55-6980,TCGA-55-6980-11A,2315f189-cce1-4ee2-8943-9bba2099a391,Solid Tissue Normal,TCGA-55-6980-11A-01R-1949-07,eecca6e2e475aab335bd7c365025ca0d0daa144b,,eligible,True
b6d704be-2e8f-40cc-9c09-ffde6be5c814,9ef1e12b-70d8-482c-b75f-6c69afd6e2ff.rna_seq.augmented_star_gene_counts.tsv,306b7c7f14d2ca02e179a2b05ae193e7,4235174,TCGA-91-6835,TCGA-91-6835-11A,d6ef8f0b-39ad-42bd-b2bd-62b42bbb69e2,Solid Tissue Normal,TCGA-91-6835-11A-01R-1858-07,eecca6e2e475aab335bd7c365025ca0d0daa144b,,eligible,True
b0dc4a18-3099-46fc-a518-9e411c6c15f3,3ddd596f-b02f-4b51-a837-3c684437600f.rna_seq.augmented_star_gene_counts.tsv,5d14d39515b96c4cc35e5560d0332d1f,4226413,TCGA-05-5423,TCGA-05-5423-01A,0250727d-cbe6-4d03-89cc-5221ac72a065,Primary Tumor,TCGA-05-5423-01A-01R-1628-07,eecca6e2e475aab335bd7c365025ca0d0daa144b,,eligible,False
df504497-a30e-4a11-a62f-dcb46e741dfb,22c48da7-f220-43f4-a1b0-fd57358f7ae7.rna_seq.augmented_star_gene_counts.tsv,730d6953bb60933cf218ba881a93bfa6,4206146,TCGA-50-5930,TCGA-50-5930-01A,3e30dbd1-10bf-4450-8d19-6f44d3284e02,Primary Tumor,TCGA-50-5930-01A-11R-1755-07,eecca6e2e475aab335bd7c365025ca0d0daa144b,,eligible,True
e3339500-9481-4a24-a3b8-65b86dabc920,57048ebe-3153-4e65-bbca-eadb92b99d31.rna_seq.augmented_star_gene_counts.tsv,4293c0b92c8ba7ee14e077b33540b934,4268655,TCGA-NJ-A4YP,TCGA-NJ-A4YP-01A,848cfbda-c996-41e3-ad7a-474814fd3f4e,Primary Tumor,TCGA-NJ-A4YP-01A-11R-A262-07,eecca6e2e475aab335bd7c365025ca0d0daa144b,,eligible,False
1a4c524e-8e75-436e-8ccf-cce6ae3d6eb3,3b5d9bee-5e4f-4afc-b297-2f072ef18a93.rna_seq.augmented_star_gene_counts.tsv,de619dd185ce4019e4c472a26b761747,4244216,TCGA-44-7671,TCGA-44-7671-01A,89850fa4-1b8c-429b-bdfd-8a92804e289a,Primary Tumor,TCGA-44-7671-01A-11R-2066-07,eecca6e2e475aab335bd7c365025ca0d0daa144b,Prior malignancy,eligible,False
320660cd-100a-4f5a-a604-4de3ced7f042,258b0b5e-2b09-4378-9606-83955ca19d7c.rna_seq.augmented_star_gene_counts.tsv,3a758779c173708b74d410af19c25e8e,4249973,TCGA-05-4249,TCGA-05-4249-01A,80f196fe-1eaf-40cb-ab58-c84795acc5c7,Primary Tumor,TCGA-05-4249-01A-01R-1107-07,eecca6e2e475aab335bd7c365025ca0d0daa144b,,eligible,False
1f911a28-0d7a-4f57-b358-cc6277b2008b,094bd5ef-b1ca-46c6-b717-2519e5a6151b.rna_seq.augmented_star_gene_counts.tsv,ea458a18f0a1b519d8c6919c5292db38,4243723,TCGA-71-6725,TCGA-71-6725-01A,83973755-fa6a-460a-a042-385b34698c39,Primary Tumor,TCGA-71-6725-01A-11R-1858-07,eecca6e2e475aab335bd7c365025ca0d0daa144b,,eligible,False
140633c2-a8e9-4a2d-a044-082cd099ff98,b7f29b8c-08a8-4781-ba33-5a7b6b02ad23.rna_seq.augmented_star_gene_counts.tsv,62ab2e7a471de153bbf4530d13914cd6,4232632,TCGA-NJ-A4YQ,TCGA-NJ-A4YQ-01A,fdfca85d-9c11-4f55-8f43-7e4d54afdf9e,Primary Tumor,TCGA-NJ-A4YQ-01A-11R-A262-07,eecca6e2e475aab335bd7c365025ca0d0daa144b,,eligible,False
4f59681b-3811-4569-aa50-ed031f7e370a,afccc865-1d58-475d-b85c-0d7eca330b0e.rna_seq.augmented_star_gene_counts.tsv,394fd5a624e37263b39a63413b9e5442,4214409,TCGA-86-7714,TCGA-86-7714-01A,e40ad349-500b-49cb-977d-3dc18d0ccbf9,Primary Tumor,TCGA-86-7714-01A-12R-2170-07,eecca6e2e475aab335bd7c365025ca0d0daa144b,,eligible,False
231aa983-3ef3-476b-bdb3-bab9d66f71e6,fb870a60-4b6d-4e83-b366-bdaaca72f205.rna_seq.augmented_star_gene_counts.tsv,6ecb2809791c9ae0e4970fad5f87a73d,4247624,TCGA-78-7143,TCGA-78-7143-01A,ee72f78d-e5db-4c99-9034-0b5bbf6df849,Primary Tumor,TCGA-78-7143-01A-11R-2039-07,eecca6e2e475aab335bd7c365025ca0d0daa144b,,eligible,False
e0d8cd2d-967f-4b04-afa9-3aca54bcaf5d,9f030a01-eef7-4885-8edc-316fe88860d7.rna_seq.augmented_star_gene_counts.tsv,4bd6afc44d7704a09c784d61eb8d0f3a,4238479,TCGA-78-7159,TCGA-78-7159-01A,785daa57-5e12-4b23-8287-384d46e55e57,Primary Tumor,TCGA-78-7159-01A-11R-2039-07,eecca6e2e475aab335bd7c365025ca0d0daa144b,,eligible,False
0c212a58-9a27-4850-bb22-540502e893dc,57d89d75-a9bb-4bd3-af76-d29def9a9625.rna_seq.augmented_star_gene_counts.tsv,87a42acee64207ba01415d1af99e9b4b,4237046,TCGA-55-8620,TCGA-55-8620-01A,ee8a12e2-8827-4abe-af6f-aa39995f6b99,Primary Tumor,TCGA-55-8620-01A-11R-2403-07,eecca6e2e475aab335bd7c365025ca0d0daa144b,,eligible,False
157223aa-aab5-4522-8ff2-8104ea3561d9,e40ae18a-9f57-4069-b99f-260c93b52e9f.rna_seq.augmented_star_gene_counts.tsv,11b684d65c727ce1b971cdf37acb6ad2,4257201,TCGA-69-8255,TCGA-69-8255-01A,228443d4-e892-4ae7-88b4-a47463d4094c,Primary Tumor,TCGA-69-8255-01A-11R-2287-07,eecca6e2e475aab335bd7c365025ca0d0daa144b,,eligible,False
6d4fc521-df92-4d04-8118-d363ac31bfa8,868157f2-85e5-462c-9994-1e50791ad2c0.rna_seq.augmented_star_gene_counts.tsv,85dec422ecf0bdf4dee8cea4f416ffca,4218313,TCGA-50-5068,TCGA-50-5068-01A,63d5b15a-fb94-4b8b-9e93-1dd1cc0a157f,Primary Tumor,TCGA-50-5068-01A-01R-1628-07,eecca6e2e475aab335bd7c365025ca0d0daa144b,,eligible,False
46a5c6c0-f460-4036-b3e6-eea9ec82ea14,3a284d39-2913-4d8c-b46a-9b1e991cfd0b.rna_seq.augmented_star_gene_counts.tsv,622335c3672071db92e2df622e1a80f9,4224811,TCGA-NJ-A4YF,TCGA-NJ-A4YF-01A,ecbaf334-d86b-4316-ae93-84feff5da296,Primary Tumor,TCGA-NJ-A4YF-01A-12R-A262-07,eecca6e2e475aab335bd7c365025ca0d0daa144b,,eligible,False
92b4ef29-b45a-4ec4-9251-8d6fb32cde90,fddbde25-7d5c-496f-8f62-985dbda7e0fe.rna_seq.augmented_star_gene_counts.tsv,0a3deb502b834cbbf47befc5c9771035,4232546,TCGA-97-A4M3,TCGA-97-A4M3-01A,afd144f3-77bf-45fe-8d8b-eea4288c1d74,Primary Tumor,TCGA-97-A4M3-01A-11R-A24X-07,eecca6e2e475aab335bd7c365025ca0d0daa144b,,eligible,False
669ce970-42a3-4797-bf9c-0de40a021bbf,0832f2ee-ad00-42c7-8cc3-9c63a7b5cea9.rna_seq.augmented_star_gene_counts.tsv,1a4b67cde878f37fe78ecb8d498135c5,4238136,TCGA-78-7163,TCGA-78-7163-01A,96bd691f-1807-456a-bef1-cb5018f5b0b1,Primary Tumor,TCGA-78-7163-01A-12R-2066-07,eecca6e2e475aab335bd7c365025ca0d0daa144b,,eligible,False
5695292b-7c39-4ee6-94e8-987f4a456635,3b286ed4-51bd-4a1e-9eab-b0ee9adf3b72.rna_seq.augmented_star_gene_counts.tsv,1c378789bdaa82ddb2d37b1f4e616d82,4242893,TCGA-80-5608,TCGA-80-5608-01A,20c166c8-6e1f-44b0-81ba-c41add0e0466,Primary Tumor,TCGA-80-5608-01A-31R-1949-07,eecca6e2e475aab335bd7c365025ca0d0daa144b,,eligible,False
58b3d72d-6cff-4c5c-9317-13d88cd17b79,49ab8f1a-6252-47b0-9f16-63e065f33efd.rna_seq.augmented_star_gene_counts.tsv,d577430cc1b82504a921cbd36a0baa39,4236793,TCGA-67-3772,TCGA-67-3772-01A,f65c895f-cfea-46a3-b3a0-7c8a98d7522a,Primary Tumor,TCGA-67-3772-01A-01R-0946-07,eecca6e2e475aab335bd7c365025ca0d0daa144b,,eligible,False
968c4aa2-2bcd-4823-b7fa-fbedc41ddb25,d7339ba2-0cc2-40b7-9dbe-f8f3366b20d9.rna_seq.augmented_star_gene_counts.tsv,6e228114d239ac381ef7ca831144a869,4249826,TCGA-MP-A4SV,TCGA-MP-A4SV-01A,b5c9beed-da9d-4110-9b6d-54a66498d5cc,Primary Tumor,TCGA-MP-A4SV-01A-11R-A24X-07,eecca6e2e475aab335bd7c365025ca0d0daa144b,,eligible,False
7f827e47-e374-4c0e-8fec-b53018bfad03,f01d4b93-8aeb-4b87-a063-59d7b6057fba.rna_seq.augmented_star_gene_counts.tsv,a23de752384e55c3561f88e8ca95c827,4243758,TCGA-62-8394,TCGA-62-8394-01A,2df58e78-c244-4e4e-9360-d1ce8943c01d,Primary Tumor,TCGA-62-8394-01A-11R-2326-07,eecca6e2e475aab335bd7c365025ca0d0daa144b,,eligible,False
b7006975-82c2-4fcc-855d-5ef024ef3d4f,b70dcd97-e1e4-417c-a05f-b37acdde6684.rna_seq.augmented_star_gene_counts.tsv,1fce4e7138b85e38aa13710c8e01bc00,4224562,TCGA-95-8494,TCGA-95-8494-01A,1a929496-806b-42f7-a45d-5f66a73eedcd,Primary Tumor,TCGA-95-8494-01A-11R-2326-07,eecca6e2e475aab335bd7c365025ca0d0daa144b,,eligible,False
fb60fc57-836c-42e1-bc96-042b82d1a878,21eea21d-7db3-4f85-a9e4-72cbb562b5ed.rna_seq.augmented_star_gene_counts.tsv,39731a67ca0d8a74c19679a2772f008d,4244228,TCGA-62-A46U,TCGA-62-A46U-01A,1454406f-934b-4073-814e-387008c99a2b,Primary Tumor,TCGA-62-A46U-01A-11R-A24H-07,eecca6e2e475aab335bd7c365025ca0d0daa144b,,eligible,False
a71c722c-3483-4910-926d-c79b6c9a4e7d,87bac569-d647-4a76-8e33-6ce085888138.rna_seq.augmented_star_gene_counts.tsv,ba3de50b89fa23720481bf19cbc29630,4230739,TCGA-50-5933,TCGA-50-5933-11A,e535fb19-2411-4e71-a3cd-08aec4f0fd4c,Solid Tissue Normal,TCGA-50-5933-11A-01R-1755-07,eecca6e2e475aab335bd7c365025ca0d0daa144b,,eligible,True
515aa64c-316b-497e-b877-7ab0c89a58bd,36f81494-52c4-49db-9dba-26a0c2de2e8e.rna_seq.augmented_star_gene_counts.tsv,3e6860b24df016fc9c652bfffa8cebed,4252294,TCGA-99-8025,TCGA-99-8025-01A,0e02dc1a-653b-4b16-824a-251a1aa41c2d,Primary Tumor,TCGA-99-8025-01A-11R-2241-07,eecca6e2e475aab335bd7c365025ca0d0daa144b,,eligible,False
db5e9553-ca85-4dcd-9229-2ac1ba208d52,57ae0185-984b-40a7-8d95-1a6a2cc0b03a.rna_seq.augmented_star_gene_counts.tsv,332a271e217e8309eb33d5f6a7774f29,4278768,TCGA-NJ-A55R,TCGA-NJ-A55R-01A,d00051b0-6181-47be-91c4-79d9530d18a5,Primary Tumor,TCGA-NJ-A55R-01A-11R-A262-07,eecca6e2e475aab335bd7c365025ca0d0daa144b,,eligible,False
6b6751a5-2dad-4bb4-bfae-b2239770fad8,41fde338-9254-4ad2-9806-d7864c2d038e.rna_seq.augmented_star_gene_counts.tsv,400c739136c9fea94e49d6d7b05bdeb0,4246540,TCGA-MP-A4SY,TCGA-MP-A4SY-01A,4bbc2e4d-c9c2-4142-924c-c4d939522ddd,Primary Tumor,TCGA-MP-A4SY-01A-21R-A24X-07,eecca6e2e475aab335bd7c365025ca0d0daa144b,,eligible,False
d21e7461-c76d-4ae7-be02-313c3c34118d,72fe0e80-b3e6-4249-8345-fb9ff8d2ca9b.rna_seq.augmented_star_gene_counts.tsv,69cae17d13ab5d42ff7c3c9c4e7383ac,4227754,TCGA-69-7760,TCGA-69-7760-01A,a096292c-055c-4243-b625-1e2a5f31e3d6,Primary Tumor,TCGA-69-7760-01A-11R-2170-07,eecca6e2e475aab335bd7c365025ca0d0daa144b,,eligible,False
4756b201-87c2-4428-b2cd-f933422fe8cf,b4dff9fc-6dab-42bc-8d32-7143e0d94043.rna_seq.augmented_star_gene_counts.tsv,d3d8bd959074102b6ce5aaf2be085b7d,4248192,TCGA-44-6148,TCGA-44-6148-11A,ace83cb7-28bc-44ba-a600-8a6155e08a42,Solid Tissue Normal,TCGA-44-6148-11A-01R-1858-07,eecca6e2e475aab335bd7c365025ca0d0daa144b,,eligible,True
ca34be5f-799c-4df4-af91-ec8a9e958d6c,fe770b01-42c9-48c6-97f8-09f18a374350.rna_seq.augmented_star_gene_counts.tsv,2dc56687d6d13017d3cf28b874be1c46,4241285,TCGA-44-A47B,TCGA-44-A47B-01A,32c4dcd3-8cc1-4a7d-b593-b8d0b7541c1b,Primary Tumor,TCGA-44-A47B-01A-11R-A24H-07,eecca6e2e475aab335bd7c365025ca0d0daa144b,,eligible,False
9f01664c-19be-4841-afb4-297483d22ec8,e3955555-9663-49da-bb98-f6593eb74d7f.rna_seq.augmented_star_gene_counts.tsv,7184dc00dcd6180814d97f3c61b75ed5,4223044,TCGA-91-6847,TCGA-91-6847-11A,599c32bd-7967-4ced-a571-8836135510a9,Solid Tissue Normal,TCGA-91-6847-11A-01R-1949-07,eecca6e2e475aab335bd7c365025ca0d0daa144b,,eligible,True
82a68e91-48cc-400b-8520-4abcbff1a163,03c7ece7-500d-4c38-a600-bd6863562bfd.rna_seq.augmented_star_gene_counts.tsv,d35499e9d55944014e6e01c72f049d36,4233176,TCGA-49-AARQ,TCGA-49-AARQ-01A,58dcad42-2e30-4cb9-ada6-5e72c4bcf406,Primary Tumor,TCGA-49-AARQ-01A-11R-A41B-07,eecca6e2e475aab335bd7c365025ca0d0daa144b,,eligible,False
32046abb-8476-4e4f-8090-1ce003107490,905e32cb-a5bd-46a4-ac0f-32585e042695.rna_seq.augmented_star_gene_counts.tsv,43f5599ac6d7d205ec1dab3485e9319b,4243351,TCGA-91-6847,TCGA-91-6847-01A,96a05d4b-3731-4b98-b38f-a6b33cd6ed96,Primary Tumor,TCGA-91-6847-01A-11R-1949-07,eecca6e2e475aab335bd7c365025ca0d0daa144b,,eligible,True
385d903b-bab4-4c2e-8334-3a304d1a56fa,f05d253b-7b64-4ecc-8249-55392326a91d.rna_seq.augmented_star_gene_counts.tsv,fc24531e9defdd925283193b80380612,4217558,TCGA-55-6975,TCGA-55-6975-01A,f274b7e1-4f18-4f90-851f-5c2d8b984fd3,Primary Tumor,TCGA-55-6975-01A-11R-1949-07,eecca6e2e475aab335bd7c365025ca0d0daa144b,,eligible,True
63f5b69e-2307-4be6-98e4-b0f57b6394d0,c8bfb715-4c7a-4e3e-baa2-bc842d80654b.rna_seq.augmented_star_gene_counts.tsv,b313bb91df790ee85c2b40fa2b28fc1b,4238271,TCGA-97-8552,TCGA-97-8552-01A,ff0ad6a3-94e2-4dea-a9c8-7c790d65e56e,Primary Tumor,TCGA-97-8552-01A-11R-2403-07,eecca6e2e475aab335bd7c365025ca0d0daa144b,,eligible,False
1aff8a31-97b2-4bde-ac5a-f3a958bf74dc,068ba2ae-288c-446d-8d17-72445ce4f788.rna_seq.augmented_star_gene_counts.tsv,982bd67720ebee06f2f617268a1109e6,4254264,TCGA-93-A4JN,TCGA-93-A4JN-01A,1e39a044-eed2-4c19-9cc7-4c80d21087ab,Primary Tumor,TCGA-93-A4JN-01A-11R-A24X-07,eecca6e2e475aab335bd7c365025ca0d0daa144b,,eligible,False
ea47f0f6-aad1-4149-afb6-2026f64935f5,dd20e202-a63c-4281-85c7-f16096212a91.rna_seq.augmented_star_gene_counts.tsv,80fe4f8352e37b4b8f763060df073772,4252613,TCGA-44-7662,TCGA-44-7662-01A,5e72a9b0-5f80-462e-a586-262f573dc62c,Primary Tumor,TCGA-44-7662-01A-11R-2066-07,eecca6e2e475aab335bd7c365025ca0d0daa144b,,eligible,False
fe20855f-d3ce-4e02-b2dd-3df15eab44bf,564e41d6-f9a4-4a6b-bb97-f8e5423b84bd.rna_seq.augmented_star_gene_counts.tsv,aa92e0c44d12854b5d66c99265e33c77,4239776,TCGA-69-8453,TCGA-69-8453-01A,b2e72f91-58fb-4a15-9a13-09c93b339bc6,Primary Tumor,TCGA-69-8453-01A-12R-2326-07,eecca6e2e475aab335bd7c365025ca0d0daa144b,,eligible,False
e9d3cac1-3a16-4e21-8fe8-a4944ce82cb8,e127acf3-0757-4f24-aff7-0fbe7283b9ed.rna_seq.augmented_star_gene_counts.tsv,170f3279dc7c199d7a65f88fac702997,4236769,TCGA-49-6743,TCGA-49-6743-01A,5d7dae28-fc9f-4160-83aa-122f999668b0,Primary Tumor,TCGA-49-6743-01A-11R-1858-07,eecca6e2e475aab335bd7c365025ca0d0daa144b,,eligible,True
5fa5664e-daf5-4082-8d39-703a5d650e43,a6caa89b-29fc-46cf-8d6b-a6c0241be6d7.rna_seq.augmented_star_gene_counts.tsv,1b8d306c7b79f00655a7ebd2517ef9a5,4241712,TCGA-55-8301,TCGA-55-8301-01A,657cb9df-3597-459a-991a-2dda352e08ae,Primary Tumor,TCGA-55-8301-01A-11R-2287-07,eecca6e2e475aab335bd7c365025ca0d0daa144b,,eligible,False
81d92351-c619-4585-9281-de33eaaabba4,98d020b1-0467-4131-a3cc-64d288d0e9e7.rna_seq.augmented_star_gene_counts.tsv,6517fb7e1116fc25434382dddce15503,4219786,TCGA-38-7271,TCGA-38-7271-01A,ed2389b5-16eb-43e8-87b8-a15304da629a,Primary Tumor,TCGA-38-7271-01A-11R-2039-07,eecca6e2e475aab335bd7c365025ca0d0daa144b,Synchronous malignancy,eligible,False
2e5071ce-d8cf-46e5-9cc0-91353f0d643c,22002e84-1d7a-4f93-9934-9d74f45195c0.rna_seq.augmented_star_gene_counts.tsv,c99f1da70059109c99a915d088f2db92,4236416,TCGA-55-7914,TCGA-55-7914-01A,356e0f37-c095-455e-b3ea-252afa34806e,Primary Tumor,TCGA-55-7914-01A-11R-2170-07,eecca6e2e475aab335bd7c365025ca0d0daa144b,Prior malignancy,eligible,False
9ffe0bdc-838e-4715-8fd3-31f032c8f46e,96f7dff7-660b-4700-88b3-6479ad02f20c.rna_seq.augmented_star_gene_counts.tsv,5625ab3cfe5ea5e0552b8886e9377372,4245852,TCGA-55-1594,TCGA-55-1594-01A,2885d4b3-34a6-421d-b20c-eedad721d10a,Primary Tumor,TCGA-55-1594-01A-01R-0946-07,eecca6e2e475aab335bd7c365025ca0d0daa144b,,eligible,False
9711a58c-08fc-428f-93a1-3d3db7df213e,74ab82a4-a55b-4e4c-b3f5-1f9317860914.rna_seq.augmented_star_gene_counts.tsv,a59dab2bd8d4e8abe3058feb9740fd75,4213760,TCGA-55-7726,TCGA-55-7726-01A,32342d96-3b04-4881-9e98-9cb63918fe48,Primary Tumor,TCGA-55-7726-01A-11R-2170-07,eecca6e2e475aab335bd7c365025ca0d0daa144b,Prior malignancy,eligible,False
b080156e-0711-42f5-83c7-a34de25cbba9,fe3a5a49-7744-4336-a4b6-0e88f23e21d8.rna_seq.augmented_star_gene_counts.tsv,15220c8a957b906fb33769b1b0e65227,4233140,TCGA-50-5932,TCGA-50-5932-01A,7ecb9621-7a1f-4876-9dfb-9b77cc4cb7b4,Primary Tumor,TCGA-50-5932-01A-11R-1755-07,eecca6e2e475aab335bd7c365025ca0d0daa144b,Prior malignancy,eligible,True
d3f1b81f-37ce-47b6-b98d-8530076007c7,d067f93b-7182-4a34-ba8e-be73589b7420.rna_seq.augmented_star_gene_counts.tsv,0384bee9b454152ea2204060a5fcb6a9,4215312,TCGA-95-7043,TCGA-95-7043-01A,2e0b958b-1e93-41ab-8a8a-21a2d7f99935,Primary Tumor,TCGA-95-7043-01A-11R-1949-07,eecca6e2e475aab335bd7c365025ca0d0daa144b,Synchronous malignancy,eligible,False
218eb2f2-24b1-4e41-9071-26ed97a2edc1,5eef868d-7c7f-42e8-aabf-ce3f75405c7a.rna_seq.augmented_star_gene_counts.tsv,df3f48d8f8402b70c03f22efc30844dc,4248267,TCGA-95-7948,TCGA-95-7948-01A,bf5d88da-2302-4b32-be0f-cc45638039c9,Primary Tumor,TCGA-95-7948-01A-11R-2187-07,eecca6e2e475aab335bd7c365025ca0d0daa144b,Prior malignancy; Synchronous malignancy,eligible,False
38259364-ebcb-4f5f-8471-8ffe7e3267a7,d3c861af-cfe9-4d9f-bc76-a8a45b72df43.rna_seq.augmented_star_gene_counts.tsv,3686b1d5a952e94fe7132a37aa656d8d,4221046,TCGA-05-4410,TCGA-05-4410-01A,f8961f5c-e28b-44a2-8e4e-b5759fe2d849,Primary Tumor,TCGA-05-4410-01A-21R-1858-07,eecca6e2e475aab335bd7c365025ca0d0daa144b,Prior malignancy,eligible,False
e585878b-98af-4e3f-b03c-6b5a4e7a202c,45310b76-8ea1-4d13-9d9f-1f1d874e0285.rna_seq.augmented_star_gene_counts.tsv,09a0a192d9a96a3b004cb9d1c05aefb9,4261858,TCGA-44-8119,TCGA-44-8119-01A,b671ceeb-72d0-40e3-8279-954e6ed242dd,Primary Tumor,TCGA-44-8119-01A-11R-2241-07,eecca6e2e475aab335bd7c365025ca0d0daa144b,Prior malignancy,eligible,False
b91d8293-6331-4f76-98f0-335ebce83539,330845b9-1d53-47af-8cb7-30ce5d30625d.rna_seq.augmented_star_gene_counts.tsv,5747ecf21d5548f4096ea86156030475,4253457,TCGA-49-4505,TCGA-49-4505-01A,d1fb0862-8d9c-4bc4-aac6-81dc4eed66c9,Primary Tumor,TCGA-49-4505-01A-01R-1206-07,eecca6e2e475aab335bd7c365025ca0d0daa144b,,eligible,False
371fd35f-eb3c-4346-8197-8ecf4c9ce220,27266d85-3f2c-489f-9e5d-663d94ae9f55.rna_seq.augmented_star_gene_counts.tsv,c470529c2f24cb343aa091a3830e091b,4244098,TCGA-50-6592,TCGA-50-6592-01A,01f94091-eb70-40d3-9d56-70c4f847cb4c,Primary Tumor,TCGA-50-6592-01A-11R-1755-07,eecca6e2e475aab335bd7c365025ca0d0daa144b,,eligible,False
8d308359-6f2a-4c2a-a2e7-b1a3b8d79de9,4772e349-a753-4c41-9c48-ae3af0f58520.rna_seq.augmented_star_gene_counts.tsv,09a0040484a54a2677585e08ab623437,4227978,TCGA-55-A48Y,TCGA-55-A48Y-01A,ab07da42-d065-45d5-8eee-7904295044c3,Primary Tumor,TCGA-55-A48Y-01A-11R-A24H-07,eecca6e2e475aab335bd7c365025ca0d0daa144b,,eligible,False
a777fb14-4498-4f32-bccb-1e8521567302,96780e00-b519-4bec-a49b-c2cc2d19a744.rna_seq.augmented_star_gene_counts.tsv,6d7026d174217106f4ba9a89afc59647,4216161,TCGA-55-6981,TCGA-55-6981-01A,2b87b12c-5ca7-4492-a2f6-26f9644e1d5a,Primary Tumor,TCGA-55-6981-01A-11R-1949-07,eecca6e2e475aab335bd7c365025ca0d0daa144b,,eligible,True
242a2880-95da-453f-892d-fafd49a4865e,9301f86d-9d6f-4aa6-a640-a543b5aea5db.rna_seq.augmented_star_gene_counts.tsv,db04ade49f3788d672b6dee1d122c3e7,4261912,TCGA-38-4625,TCGA-38-4625-01A,cc72dc0d-9c39-4217-b5cb-8cad390d7e86,Primary Tumor,TCGA-38-4625-01A-01R-1206-07,eecca6e2e475aab335bd7c365025ca0d0daa144b,,eligible,True
d1a18468-9c02-4d61-8e3e-43a6d23d402e,9bfd464b-419a-43c0-929a-c1d219713a6f.rna_seq.augmented_star_gene_counts.tsv,7b2ce17ae141f13d17fde3d0f594cd70,4260792,TCGA-38-4626,TCGA-38-4626-01A,60a9564a-c68d-4791-a093-19b144ee7717,Primary Tumor,TCGA-38-4626-01A-01R-1206-07,eecca6e2e475aab335bd7c365025ca0d0daa144b,,eligible,True
2a7831f2-aa57-4e6f-92b3-0a7a727d5637,cbdf1edd-a8c9-4fc8-88ee-928f01abae34.rna_seq.augmented_star_gene_counts.tsv,023d4ff2fef18979b47a6b5585f3dfa5,4242648,TCGA-55-8299,TCGA-55-8299-01A,5d0ed8d1-6e84-4f6c-8e0e-0317aa8b0e3f,Primary Tumor,TCGA-55-8299-01A-11R-2287-07,eecca6e2e475aab335bd7c365025ca0d0daa144b,,eligible,False
975121d2-ba5d-4b2c-bd50-278311c7144a,143cbdd4-689e-4ba9-b0ad-069629dc7dfa.rna_seq.augmented_star_gene_counts.tsv,183d0ae0ff94b26d27b2579096f3a782,4245159,TCGA-97-A4M6,TCGA-97-A4M6-01A,4b24bb00-acf5-4cf4-a84a-020baa60782d,Primary Tumor,TCGA-97-A4M6-01A-11R-A24X-07,eecca6e2e475aab335bd7c365025ca0d0daa144b,,eligible,False
04778fc1-a821-4029-a383-d88e711f3bee,22cd91fc-54c5-43e0-80ff-19a419298721.rna_seq.augmented_star_gene_counts.tsv,73ae4d4d401efbe058d3bd47d3d22e47,4238174,TCGA-L9-A5IP,TCGA-L9-A5IP-01A,ef98c575-44c9-4524-8754-45250f60a5c8,Primary Tumor,TCGA-L9-A5IP-01A-21R-A39D-07,eecca6e2e475aab335bd7c365025ca0d0daa144b,,eligible,False
de82c428-0b33-48e0-a337-42ac0a434a24,b4a1a796-8bce-4b44-b4ed-fd7bf4c81b3b.rna_seq.augmented_star_gene_counts.tsv,31eee9eab94024bd6b8c57b901685f23,4252190,TCGA-93-A4JP,TCGA-93-A4JP-01A,63315e75-2b50-4b79-b553-036fa7fd024f,Primary Tumor,TCGA-93-A4JP-01A-11R-A24X-07,eecca6e2e475aab335bd7c365025ca0d0daa144b,,eligible,False
d00354a6-0cdd-42c0-8d0c-1f87f4fdc843,ca927d21-e459-469e-9655-c214b34447f7.rna_seq.augmented_star_gene_counts.tsv,887b5dd39ebee8808caad2ea192d3516,4232331,TCGA-67-3774,TCGA-67-3774-01A,b3585415-9ab9-4614-8b15-8edb66efd1dc,Primary Tumor,TCGA-67-3774-01A-01R-0946-07,eecca6e2e475aab335bd7c365025ca0d0daa144b,,eligible,False
5c32fbb8-55ee-4bc9-a0db-d8ac0b04bdc4,4966ebc7-b3d5-49d1-885d-f6ae4a8781e6.rna_seq.augmented_star_gene_counts.tsv,c5144e55397649f3223f805b5d73d5d5,4220045,TCGA-55-6982,TCGA-55-6982-01A,3b284fc6-7dc4-46c2-8ec9-1121ef0b4308,Primary Tumor,TCGA-55-6982-01A-11R-1949-07,eecca6e2e475aab335bd7c365025ca0d0daa144b,,eligible,True
023a34d9-c000-4053-b695-5b984b4a6fc1,06770623-6a10-4874-9eea-1497077f18ac.rna_seq.augmented_star_gene_counts.tsv,784ae5f0b02aa4f9f0abb26097e161d5,4248724,TCGA-55-A4DF,TCGA-55-A4DF-01A,36576033-1b30-4d02-977b-983220fc8f32,Primary Tumor,TCGA-55-A4DF-01A-11R-A24H-07,eecca6e2e475aab335bd7c365025ca0d0daa144b,,eligible,False
cc640c34-516e-4cd8-a32c-d6f9b856696d,57512aba-e397-4ab8-b1ed-de197e6f92fd.rna_seq.augmented_star_gene_counts.tsv,6e514737bc74c82deab0fc4b1d6649c5,4245803,TCGA-49-AAR0,TCGA-49-AAR0-01A,8fa41683-e16d-4f46-a3db-672c9f1b7823,Primary Tumor,TCGA-49-AAR0-01A-21R-A39D-07,eecca6e2e475aab335bd7c365025ca0d0daa144b,,eligible,False
65b91a69-f98e-49b5-8f87-667dd0aeafdf,9c92bdc5-8b9b-4843-82a4-2fa6ee4d40a3.rna_seq.augmented_star_gene_counts.tsv,51f33d209baeefcd45088777641baf87,4256372,TCGA-05-4420,TCGA-05-4420-01A,4b202550-9744-4c6c-ad17-97f764ea3f18,Primary Tumor,TCGA-05-4420-01A-01R-1206-07,eecca6e2e475aab335bd7c365025ca0d0daa144b,,eligible,False
f8cee5c6-bfd7-439d-8ba7-20ee2dfa5d68,d03bc7a9-49d4-48f4-8a3a-00197325cde2.rna_seq.augmented_star_gene_counts.tsv,e4eb232161ec1f677edcee06575a62d4,4253400,TCGA-44-3396,TCGA-44-3396-11A,baeecbd4-2b44-4334-b4d9-3ec4e73e368b,Solid Tissue Normal,TCGA-44-3396-11A-01R-1758-07,eecca6e2e475aab335bd7c365025ca0d0daa144b,,eligible,True
38bc7dc7-3a4f-4fd9-ad6d-306dc8a3b7f6,68f5d95d-e7ae-46d3-b836-e741fde98f23.rna_seq.augmented_star_gene_counts.tsv,cb204d655779e2c95f28f9c2cef06a67,4261379,TCGA-73-4662,TCGA-73-4662-01A,c7d727b6-47c6-4339-b9dd-5baf41527bd4,Primary Tumor,TCGA-73-4662-01A-01R-1206-07,eecca6e2e475aab335bd7c365025ca0d0daa144b,Synchronous malignancy,eligible,False
e17426a8-cf69-4ed4-b54e-cc33cbadf095,ef304a3b-e32b-450e-8c40-4173aa0a0366.rna_seq.augmented_star_gene_counts.tsv,011ef4fcca6b7ad8d761a1777999dfe5,4215388,TCGA-05-5428,TCGA-05-5428-01A,a6342eed-126b-4afb-86ef-2257b1645e5e,Primary Tumor,TCGA-05-5428-01A-01R-1628-07,eecca6e2e475aab335bd7c365025ca0d0daa144b,,eligible,False
1bcb7da3-a08e-4f9d-a960-fe7bdfe4222c,7edd63ce-c5bb-4209-b8c8-98af0fae03ed.rna_seq.augmented_star_gene_counts.tsv,be54ea976ef2973cbe4920dea64398de,4230598,TCGA-49-AAR9,TCGA-49-AAR9-01A,9e129d06-15b7-4d89-bac0-9cb62c54dc5a,Primary Tumor,TCGA-49-AAR9-01A-21R-A41B-07,eecca6e2e475aab335bd7c365025ca0d0daa144b,,eligible,False
60477322-5657-495a-8ce3-4f806acd3dcb,b3f38fc5-d1e6-4fd9-bd36-b413a3ac850e.rna_seq.augmented_star_gene_counts.tsv,8d2243d599431039568c47062d3ec343,4260745,TCGA-05-4422,TCGA-05-4422-01A,dacbc55d-25c6-4e86-bd1b-38345b4df7a7,Primary Tumor,TCGA-05-4422-01A-01R-1206-07,eecca6e2e475aab335bd7c365025ca0d0daa144b,,eligible,False
64c35a37-5b92-4e2e-831d-9bbe50401dd5,f6f15b7f-1af0-4da5-8ca5-a4b488d8f412.rna_seq.augmented_star_gene_counts.tsv,775b0378100731e2d5626c2b44f14b1d,4264421,TCGA-86-8074,TCGA-86-8074-01A,0382e297-1b96-433b-9440-6811d685b13b,Primary Tumor,TCGA-86-8074-01A-11R-2241-07,eecca6e2e475aab335bd7c365025ca0d0daa144b,,eligible,False
9ffe8343-d98f-4c5f-b29a-cbcbdac0c008,8536c3c1-1e75-4ebc-b792-30d7d228a117.rna_seq.augmented_star_gene_counts.tsv,c21ca32afb67a4dab1ec6d808c21afb9,4258988,TCGA-44-7669,TCGA-44-7669-01A,37599a47-3ab8-4b42-a227-270e8652c160,Primary Tumor,TCGA-44-7669-01A-21R-2066-07,eecca6e2e475aab335bd7c365025ca0d0daa144b,,eligible,False
19bb0296-340e-4594-9a87-4134b15c7187,12da2172-3304-4dad-bd80-3039e6d49de3.rna_seq.augmented_star_gene_counts.tsv,dce3133c7cd7dfbc744622005b96324f,4265371,TCGA-J2-8192,TCGA-J2-8192-01A,45021ebd-8e13-44c2-8203-aa9f72b50e6e,Primary Tumor,TCGA-J2-8192-01A-11R-2241-07,eecca6e2e475aab335bd7c365025ca0d0daa144b,Prior malignancy,eligible,False
3d6cb261-d0c4-4e98-8918-d7d678cb97ae,d94a4acc-1345-4cdb-b1e0-0b9c1afc593c.rna_seq.augmented_star_gene_counts.tsv,33c2b82cfb176e1f0a2e14e9b7fe42e6,4229614,TCGA-50-8460,TCGA-50-8460-01A,40bfeee7-9932-47d6-87a8-5fd7514c2917,Primary Tumor,TCGA-50-8460-01A-11R-2326-07,eecca6e2e475aab335bd7c365025ca0d0daa144b,,eligible,False
9835daf0-92cc-4237-838d-b122a15aa1f1,dad295e6-b4f8-4ad1-8439-acc3f903cfb0.rna_seq.augmented_star_gene_counts.tsv,ad4404bac2770b4fba3453695cc0b5b2,4212510,TCGA-53-7813,TCGA-53-7813-01A,8ab7f1ee-35f0-460c-8a4f-751748de5e4a,Primary Tumor,TCGA-53-7813-01A-11R-2170-07,eecca6e2e475aab335bd7c365025ca0d0daa144b,,eligible,False
50966d1a-3934-4fb5-9fc4-71f399cf5105,db3c11b8-53c7-48f8-a16c-b86c1c7534b0.rna_seq.augmented_star_gene_counts.tsv,6aba7359e0888e296d8ec44b34741142,4229862,TCGA-78-7145,TCGA-78-7145-01A,6b0b11c9-2adc-4b55-b7bb-cf67b11cab86,Primary Tumor,TCGA-78-7145-01A-11R-2039-07,eecca6e2e475aab335bd7c365025ca0d0daa144b,,eligible,False
133bfadb-ed2e-4b10-a5bf-46d31ade6dd4,d6662ab3-af1a-4e7e-a907-111e4241713b.rna_seq.augmented_star_gene_counts.tsv,4658c9ac1bc63d30ce4b7e5a7921f3c7,4256573,TCGA-55-8092,TCGA-55-8092-01A,12870223-d36b-4a35-ba3d-70ed75eeab1d,Primary Tumor,TCGA-55-8092-01A-11R-2241-07,eecca6e2e475aab335bd7c365025ca0d0daa144b,,eligible,False
ab3c7d7c-7ad0-4f26-9991-ddd288598936,5d843590-36a7-4568-88a4-2bc09e14927f.rna_seq.augmented_star_gene_counts.tsv,e2a5a342800957b223e29d242646d961,4222576,TCGA-78-8648,TCGA-78-8648-01A,79843244-8e55-4f0b-9282-20ffc846e690,Primary Tumor,TCGA-78-8648-01A-11R-2403-07,eecca6e2e475aab335bd7c365025ca0d0daa144b,,eligible,False
2d99f93c-797e-49a5-8892-a4e31e17b9c3,290ad2c0-6aeb-4eba-b3e7-fc47e8bfbdce.rna_seq.augmented_star_gene_counts.tsv,221963743f28299f96563489dde9dbfe,4233745,TCGA-44-6778,TCGA-44-6778-11A,2d27ed82-5872-4628-b6b3-a3deecceb0df,Solid Tissue Normal,TCGA-44-6778-11A-01R-1858-07,eecca6e2e475aab335bd7c365025ca0d0daa144b,,eligible,True
313f5ae9-bbea-41d6-82d5-9242b2610d91,39af4940-aeba-4d26-96fc-68da8663bc81.rna_seq.augmented_star_gene_counts.tsv,44d2499fce7ad138505df55418394a0c,4238643,TCGA-49-4486,TCGA-49-4486-01A,5ae9b10f-347c-48c3-90cd-9290055cfe4b,Primary Tumor,TCGA-49-4486-01A-01R-1206-07,eecca6e2e475aab335bd7c365025ca0d0daa144b,,eligible,False
7f70c9bb-a18a-45e8-8177-34145a6c0dc9,20cddb4c-1ad4-4f0e-bd5e-3071f573b2d0.rna_seq.augmented_star_gene_counts.tsv,e7512faf47de2531589223ea5ed87cb7,4239315,TCGA-97-7547,TCGA-97-7547-01A,d4d43ae0-2a4c-49e5-8481-fa3614dfe5c1,Primary Tumor,TCGA-97-7547-01A-11R-2039-07,eecca6e2e475aab335bd7c365025ca0d0daa144b,,eligible,False
bd98b566-f179-4be8-8b4d-672149eedcba,32ff57d1-3fde-461b-be45-e49365149543.rna_seq.augmented_star_gene_counts.tsv,075f0060beef3ee005d1a66e0975602c,4226192,TCGA-44-6145,TCGA-44-6145-11A,420fd4eb-e667-4f53-811c-b128d261acf8,Solid Tissue Normal,TCGA-44-6145-11A-01R-1858-07,eecca6e2e475aab335bd7c365025ca0d0daa144b,,eligible,True
36432508-6673-489b-aefe-d172b83abac2,00fabec9-d311-4994-a7e5-eb91178d14f2.rna_seq.augmented_star_gene_counts.tsv,82f484e8d9f75930300dad5baa17f57a,4250149,TCGA-69-A59K,TCGA-69-A59K-01A,af5e9c02-8823-4c78-8238-fdc419e5d309,Primary Tumor,TCGA-69-A59K-01A-11R-A262-07,eecca6e2e475aab335bd7c365025ca0d0daa144b,,eligible,False
0766019a-c9b7-4224-973e-f1cfa16082ac,b6ddcda9-dad4-4e70-b12a-db197a496713.rna_seq.augmented_star_gene_counts.tsv,f58855fb039b29a30fc9310bbc29613a,4259546,TCGA-75-7025,TCGA-75-7025-01A,9cea4206-b460-433b-bf50-29c56cb8e33d,Primary Tumor,TCGA-75-7025-01A-12R-1949-07,eecca6e2e475aab335bd7c365025ca0d0daa144b,,eligible,False
76ac1fee-bf40-463f-a4d8-cb9affe0e7c5,7086e8ce-d1e5-4901-ac33-31c299f46356.rna_seq.augmented_star_gene_counts.tsv,e02c45cf2ed173e2a353fd83b6cea964,4247335,TCGA-55-8204,TCGA-55-8204-01A,cba50f48-facb-4eb3-9a72-73c5b585bdc6,Primary Tumor,TCGA-55-8204-01A-11R-2241-07,eecca6e2e475aab335bd7c365025ca0d0daa144b,,eligible,False
2f2cc9dc-1d0a-4302-b674-02d56c259ff3,8dc8ccd2-a842-4a48-a8db-007855733fc0.rna_seq.augmented_star_gene_counts.tsv,2f611c504c268ded62d5f6fb8ae9b629,4222485,TCGA-49-4490,TCGA-49-4490-01A,185bc9bd-1e20-467c-9c06-908c8aa27e7d,Primary Tumor,TCGA-49-4490-01A-21R-1858-07,eecca6e2e475aab335bd7c365025ca0d0daa144b,,eligible,True
bae501f3-c0ba-4646-8027-0623869176f4,c6fcbf56-bc49-43eb-981a-ef032465a7ce.rna_seq.augmented_star_gene_counts.tsv,c86025add8ba385b1c7ff06a77deb2f8,4227137,TCGA-86-8359,TCGA-86-8359-01A,6601f037-bdf0-4171-86e4-aa4da7c9e83e,Primary Tumor,TCGA-86-8359-01A-11R-2326-07,eecca6e2e475aab335bd7c365025ca0d0daa144b,,eligible,False
13f74ba9-96c5-4074-9589-3ce0e183c0e9,c649e0cf-b787-4d0c-bab6-d81f7e491b15.rna_seq.augmented_star_gene_counts.tsv,3ebf73beefd3e40a73d0bbdad01689bc,4226785,TCGA-75-5122,TCGA-75-5122-01A,dd9c2f71-145a-4f7f-8b64-095b1fc75c3d,Primary Tumor,TCGA-75-5122-01A-01R-1755-07,eecca6e2e475aab335bd7c365025ca0d0daa144b,,eligible,False
508c6166-6095-4133-a42a-79d75b0c0e31,eda17fff-892d-440a-af83-b353ea60c478.rna_seq.augmented_star_gene_counts.tsv,948c8e8fd151abfdd683c0e7ea11fc89,4226735,TCGA-86-8669,TCGA-86-8669-01A,de0e8b86-5791-4e7c-b939-30857cd7b0a8,Primary Tumor,TCGA-86-8669-01A-11R-2403-07,eecca6e2e475aab335bd7c365025ca0d0daa144b,,eligible,False
0e9c2659-4131-4274-b0b4-3e191239f5f3,29000c50-6667-4281-a97a-5f02cb24a8f4.rna_seq.augmented_star_gene_counts.tsv,c212fbcd1096dfdda2d62f47fb9baec0,4223489,TCGA-50-6595,TCGA-50-6595-01A,9ed482d9-2aea-4200-a994-107a1e88f17b,Primary Tumor,TCGA-50-6595-01A-12R-1858-07,eecca6e2e475aab335bd7c365025ca0d0daa144b,,eligible,True
e173308d-ac80-4c15-9b0e-e5cb09321a56,b99ff949-1922-4948-8d02-2ef2aa3dfb3b.rna_seq.augmented_star_gene_counts.tsv,125698e68f5d06c70df63593977e5607,4235077,TCGA-50-7109,TCGA-50-7109-01A,763310b9-3fb9-4a22-851c-e4335a2ed21c,Primary Tumor,TCGA-50-7109-01A-11R-2039-07,eecca6e2e475aab335bd7c365025ca0d0daa144b,,eligible,False
27884724-a2c0-4b3e-921a-54e5f8bf1faa,59578e5d-b76f-46eb-b5d9-7c90b8a9dbe4.rna_seq.augmented_star_gene_counts.tsv,a1a6000c45577f0663c459d0900d088f,4249057,TCGA-78-7539,TCGA-78-7539-01A,d342edd9-680a-40d4-bb18-9cd7810bb052,Primary Tumor,TCGA-78-7539-01A-11R-2066-07,eecca6e2e475aab335bd7c365025ca0d0daa144b,,eligible,False
a35c257e-f8b8-4d58-8ecb-92b1b0bc59f3,35fc369e-6f16-415b-badb-380eedb2157b.rna_seq.augmented_star_gene_counts.tsv,f56cc45eaf3ca0f661c6b19fc37bf103,4251651,TCGA-78-7161,TCGA-78-7161-01A,08acba8a-143f-43e6-9562-e41dcacba681,Primary Tumor,TCGA-78-7161-01A-11R-2039-07,eecca6e2e475aab335bd7c365025ca0d0daa144b,,eligible,False
89bf9c33-c1b4-4786-821f-802cf36eed43,2a53d9f7-430a-45c5-9171-8ee65dc560dd.rna_seq.augmented_star_gene_counts.tsv,e60e754c99194b675d97bbadf45cce3a,4242284,TCGA-44-7667,TCGA-44-7667-01A,48e8bef9-85ff-4b0f-b249-a1f6c63dd100,Primary Tumor,TCGA-44-7667-01A-31R-2066-07,eecca6e2e475aab335bd7c365025ca0d0daa144b,,eligible,False
665a7af8-9c2d-4a31-9a22-da89fc7107b2,6f53a60f-3be2-48df-a15a-4675e99efba1.rna_seq.augmented_star_gene_counts.tsv,a66b49a6d71bc1607d8a2cac2552bf9e,4220068,TCGA-38-4632,TCGA-38-4632-01A,d994817a-474e-4f92-8a78-7586caa85d52,Primary Tumor,TCGA-38-4632-01A-01R-1755-07,eecca6e2e475aab335bd7c365025ca0d0daa144b,,eligible,True
3973bbdc-bc07-4deb-955b-3c40e88a68be,c6b74844-5140-4c2e-b13d-fc50c2f2e9f1.rna_seq.augmented_star_gene_counts.tsv,70533535287e42cfa51abf1138826d6e,4232275,TCGA-NJ-A4YG,TCGA-NJ-A4YG-01A,337b38b7-752e-4246-aba2-163140b1e3c7,Primary Tumor,TCGA-NJ-A4YG-01A-22R-A262-07,eecca6e2e475aab335bd7c365025ca0d0daa144b,,eligible,False
c36f84e5-8c59-46fe-af32-7f70684383b2,07a66ae7-6b95-4d57-b308-dcb30672b6b9.rna_seq.augmented_star_gene_counts.tsv,cdde02700855e2ec0262c7951e97283b,4228907,TCGA-55-6971,TCGA-55-6971-11A,32727a14-832e-4a74-9a6f-27cb1658d8b6,Solid Tissue Normal,TCGA-55-6971-11A-01R-1949-07,eecca6e2e475aab335bd7c365025ca0d0daa144b,,eligible,True
e1638627-67cc-44f9-9a79-6748968a06af,4a1a0323-0cfb-4f33-ba44-0039283f9334.rna_seq.augmented_star_gene_counts.tsv,4acba7e50acccbeca6654a3eac1dca42,4222558,TCGA-75-5126,TCGA-75-5126-01A,39509ea1-e728-4350-b444-798c72ade33a,Primary Tumor,TCGA-75-5126-01A-01R-1755-07,eecca6e2e475aab335bd7c365025ca0d0daa144b,,eligible,False
3361d7bc-344b-44b2-97bd-ac0dc79b221f,56afb18f-7fdd-4672-be59-4d3a03b806de.rna_seq.augmented_star_gene_counts.tsv,b0580f5383836d0a4eedecbca2afcc18,4228505,TCGA-50-5049,TCGA-50-5049-01A,21b2f32e-ccea-4b20-86d3-6647e99825cf,Primary Tumor,TCGA-50-5049-01A-01R-1628-07,eecca6e2e475aab335bd7c365025ca0d0daa144b,,eligible,False
d05a80fc-d08a-47df-b7cd-0172b9977d46,38fbb0e8-cd18-425d-becf-791c8e8a8911.rna_seq.augmented_star_gene_counts.tsv,bf467fb87a0431608932b9b41be6d157,4255536,TCGA-49-AAQV,TCGA-49-AAQV-01A,5efd5b2c-3db1-4153-b01f-8f0087d96940,Primary Tumor,TCGA-49-AAQV-01A-11R-A39D-07,eecca6e2e475aab335bd7c365025ca0d0daa144b,,eligible,False
2fa40914-d149-4f67-aa78-64723258314f,e0819bee-5642-4297-b6bb-70e41d54ee8c.rna_seq.augmented_star_gene_counts.tsv,1e1db517b57d7edb72b56e62f6522d52,4238974,TCGA-MP-A4TC,TCGA-MP-A4TC-01A,a6db405d-97ac-4a86-880d-d81838caef14,Primary Tumor,TCGA-MP-A4TC-01A-11R-A24X-07,eecca6e2e475aab335bd7c365025ca0d0daa144b,,eligible,False
8b071bf3-0d85-4aba-aa46-d0800dcc8640,65a2c4cf-7c84-4ca8-a37e-8deecb6ef026.rna_seq.augmented_star_gene_counts.tsv,4403164f6654829b70446beb576b2fda,4243822,TCGA-86-7711,TCGA-86-7711-01A,7ed47e1b-1d36-4f8a-a101-3ef0756ad08f,Primary Tumor,TCGA-86-7711-01A-11R-2066-07,eecca6e2e475aab335bd7c365025ca0d0daa144b,,eligible,False
cde8569f-d0a0-4f05-a86e-0f9d84361faf,8929ea12-e12a-4660-ac19-72b4e7bd2e9a.rna_seq.augmented_star_gene_counts.tsv,9a94b685f7a9b0d1cb1e9a32861b51bc,4215648,TCGA-75-6205,TCGA-75-6205-01A,d845174b-1a04-4d22-b34f-c48d7ae35233,Primary Tumor,TCGA-75-6205-01A-11R-1755-07,eecca6e2e475aab335bd7c365025ca0d0daa144b,,eligible,False
7d27e93b-f225-4b30-91b7-5b968d04d783,f3b31315-692c-4040-9f89-1a9988ed2fbc.rna_seq.augmented_star_gene_counts.tsv,a027d459babff6b6fc3f7cf01ef58377,4247394,TCGA-05-4389,TCGA-05-4389-01A,ed61ac6a-f21f-4b88-928a-029340d4aebd,Primary Tumor,TCGA-05-4389-01A-01R-1206-07,eecca6e2e475aab335bd7c365025ca0d0daa144b,,eligible,False
a5e1a78c-7e7a-41e8-8c45-872028f6b5a0,f3df8eaf-1fd2-4e08-ad48-ce5aa1d64e19.rna_seq.augmented_star_gene_counts.tsv,8c4001334cd5c6c75047c18a58a1d81a,4237963,TCGA-95-A4VP,TCGA-95-A4VP-01A,4ed3eaec-0085-4115-bbe7-27645b6a3a8b,Primary Tumor,TCGA-95-A4VP-01A-21R-A262-07,eecca6e2e475aab335bd7c365025ca0d0daa144b,,eligible,False
66e79734-9053-4f61-9a32-bee376f5dab0,a4a57e8f-cf4f-4322-b7fe-2336a58cd50f.rna_seq.augmented_star_gene_counts.tsv,5af58684e4d41816a94ab46ae66f85ca,4217253,TCGA-86-7701,TCGA-86-7701-01A,b355e6c2-b427-40e7-92a6-2c8c942db86f,Primary Tumor,TCGA-86-7701-01A-11R-2170-07,eecca6e2e475aab335bd7c365025ca0d0daa144b,,eligible,False
901c6ff1-19bf-48d8-894d-766f1995a916,aec36454-d9a1-4d51-90c6-561f219b6aee.rna_seq.augmented_star_gene_counts.tsv,cb207a8f7a526f6199dd3eb7218bcacd,4258240,TCGA-55-8206,TCGA-55-8206-01A,bc4e0d7d-c267-46d7-a79b-075456fb3b68,Primary Tumor,TCGA-55-8206-01A-11R-2241-07,eecca6e2e475aab335bd7c365025ca0d0daa144b,,eligible,False
05fa4573-6ca5-40dc-a48b-ec847b7c58ad,58681163-9f9d-4f74-a1bb-3a4bcb4856d6.rna_seq.augmented_star_gene_counts.tsv,a36c04c9b3f5b2f14310a3920abe82f9,4245763,TCGA-49-AARR,TCGA-49-AARR-01A,a8db5a04-924f-4348-9bcd-24c24e2346dd,Primary Tumor,TCGA-49-AARR-01A-11R-A41B-07,eecca6e2e475aab335bd7c365025ca0d0daa144b,,eligible,False
a60f0ff5-6f4c-43a1-8dda-10b882880bfc,c9494f0c-d6df-4dc9-a174-dfd53f121ee8.rna_seq.augmented_star_gene_counts.tsv,5d1111de1b542967a55a7b1c333573cf,4253892,TCGA-73-4675,TCGA-73-4675-01A,1f5fa8fd-1de8-4456-8935-71b5a8b54bd2,Primary Tumor,TCGA-73-4675-01A-01R-1206-07,eecca6e2e475aab335bd7c365025ca0d0daa144b,,eligible,False
bec02792-06e1-4789-871d-b5b4a5989786,76413057-e8a8-42b7-b545-897e3b32580d.rna_seq.augmented_star_gene_counts.tsv,6aa40de0b1e1feb49871e65fa303a09e,4211668,TCGA-78-7152,TCGA-78-7152-01A,98bbbf97-fbf4-4cbc-9536-f11febbf350b,Primary Tumor,TCGA-78-7152-01A-11R-2039-07,eecca6e2e475aab335bd7c365025ca0d0daa144b,,eligible,False
dcff773b-20f4-4c90-9a3f-78ef2e0f484e,3041806b-5855-4930-aeb8-a30472658d54.rna_seq.augmented_star_gene_counts.tsv,26c47e66aad388095d9f79563830c366,4236778,TCGA-4B-A93V,TCGA-4B-A93V-01A,6614550d-d050-4b77-9cc0-1e6a7438c675,Primary Tumor,TCGA-4B-A93V-01A-11R-A39D-07,eecca6e2e475aab335bd7c365025ca0d0daa144b,,eligible,False
85c794c1-3fd0-4a10-a613-9db7eff3c78f,2f03d42e-9735-4edb-87d9-ec443b7801a5.rna_seq.augmented_star_gene_counts.tsv,0cca0b7b820d604efba1b44160f95826,4215638,TCGA-49-4514,TCGA-49-4514-01A,7f64139d-0e81-4bbd-9719-85d0ad471ed5,Primary Tumor,TCGA-49-4514-01A-21R-1858-07,eecca6e2e475aab335bd7c365025ca0d0daa144b,,eligible,False
864c2830-c699-433c-bcba-20f0c692854a,aa764c7d-2e26-4e8c-94d3-870772bad93f.rna_seq.augmented_star_gene_counts.tsv,d1914be91865ed6be3de00fba503c10e,4229001,TCGA-55-A490,TCGA-55-A490-01A,2421f79c-fb83-46f6-9ae2-dd275575f568,Primary Tumor,TCGA-55-A490-01A-11R-A466-07,eecca6e2e475aab335bd7c365025ca0d0daa144b,,eligible,False
72db648d-0ff7-418b-b7bd-590eda282f74,f0395da6-5f12-4a35-8aa6-0b1b47a2acba.rna_seq.augmented_star_gene_counts.tsv,b7ee69b362188669c7924dabfb628b0d,4245810,TCGA-05-4250,TCGA-05-4250-01A,8f274178-7a8e-46b6-8d2c-900338bbb946,Primary Tumor,TCGA-05-4250-01A-01R-1107-07,eecca6e2e475aab335bd7c365025ca0d0daa144b,,eligible,False
7a59e84b-2d4a-4148-966d-7eadeb61ef38,9fde5e1d-5b86-411d-b194-3eb3c6305ebd.rna_seq.augmented_star_gene_counts.tsv,9c21043c5638dba7273a01f2c1e1173c,4242753,TCGA-MP-A4TK,TCGA-MP-A4TK-01A,e71a1971-e1c7-4cd9-ae0a-9458a053042d,Primary Tumor,TCGA-MP-A4TK-01A-11R-A24X-07,eecca6e2e475aab335bd7c365025ca0d0daa144b,,eligible,False
db9bab18-a465-445f-a4fd-dc90faa1da6d,5a335f07-9b07-46cf-8902-503b24f89bfa.rna_seq.augmented_star_gene_counts.tsv,0687e96c67caf44632fd921fad9f91a3,4236644,TCGA-64-5774,TCGA-64-5774-01A,252c5d60-7033-44c3-8ab5-4604670a80f4,Primary Tumor,TCGA-64-5774-01A-01R-1628-07,eecca6e2e475aab335bd7c365025ca0d0daa144b,,eligible,False
f73807f5-edf8-4a4d-8550-048d9c5413e5,1890feb6-9f7f-4437-9828-198ff43e16b0.rna_seq.augmented_star_gene_counts.tsv,4f063c01a122b4e335a57a03f8a93c05,4247285,TCGA-44-3398,TCGA-44-3398-01A,58493fd3-5923-436c-bf10-7315b007c5c0,Primary Tumor,TCGA-44-3398-01A-01R-1107-07,eecca6e2e475aab335bd7c365025ca0d0daa144b,,eligible,True
a62db40f-4e4f-496c-84ed-ab9500b89757,cd271741-c470-4f57-9873-635fef14f902.rna_seq.augmented_star_gene_counts.tsv,0181ebe0b8f91a84d55e9fdcc8a2448b,4218941,TCGA-64-1676,TCGA-64-1676-01A,4bdf77d2-33cc-46e0-af34-1e66a90a213a,Primary Tumor,TCGA-64-1676-01A-01R-0946-07,eecca6e2e475aab335bd7c365025ca0d0daa144b,,eligible,False
4bd86df0-6768-4741-8d01-51fe34dd57fd,bd1e3dcd-31c4-4f7f-8e99-9ad0d1050294.rna_seq.augmented_star_gene_counts.tsv,1e91674789dcd6a6bcc97d8171893ad9,4253061,TCGA-78-7167,TCGA-78-7167-01A,e58e47db-7d0b-4ccc-8878-9b1e78e3b365,Primary Tumor,TCGA-78-7167-01A-11R-2066-07,eecca6e2e475aab335bd7c365025ca0d0daa144b,,eligible,False
ad62355a-f287-49b2-84a9-64c0f5847c20,6a8d149a-963f-4e36-a031-aef7b057452b.rna_seq.augmented_star_gene_counts.tsv,6c2ac387fa4b1419c300853fecabbaa9,4224921,TCGA-50-5936,TCGA-50-5936-11A,5af84779-8d50-4ba9-a61c-04bd7de3f812,Solid Tissue Normal,TCGA-50-5936-11A-01R-1628-07,eecca6e2e475aab335bd7c365025ca0d0daa144b,,eligible,True
614afd6a-05ff-4914-896c-3ac4280e510d,7ec16b5a-7a86-4a22-9f1c-74d42ab1f43d.rna_seq.augmented_star_gene_counts.tsv,8ef2fa7352a300b991cc0f7e3a71c8e1,4234395,TCGA-49-4506,TCGA-49-4506-01A,9edea53d-ad06-4b5d-bff0-48e834c3684f,Primary Tumor,TCGA-49-4506-01A-01R-1206-07,eecca6e2e475aab335bd7c365025ca0d0daa144b,,eligible,False
f8d97584-0c4f-4bb1-b4a7-77d87aabc852,268f14f5-e6f7-413a-90a6-20a205012246.rna_seq.augmented_star_gene_counts.tsv,5b34f264b48b5b934be5a50e1520121c,4232803,TCGA-55-8505,TCGA-55-8505-01A,194612e8-9876-4350-b54d-404db4ac27c3,Primary Tumor,TCGA-55-8505-01A-11R-2403-07,eecca6e2e475aab335bd7c365025ca0d0daa144b,,eligible,False
5eefc0d2-90b4-495f-803b-cfe9f158b980,67fc0674-3f48-41ec-a650-7efaa41607fa.rna_seq.augmented_star_gene_counts.tsv,c2b438d62a23a3f2a438d3d2306977f1,4229541,TCGA-NJ-A55A,TCGA-NJ-A55A-01A,b4cff170-45a5-488f-8dbe-07e934f683d9,Primary Tumor,TCGA-NJ-A55A-01A-11R-A262-07,eecca6e2e475aab335bd7c365025ca0d0daa144b,,eligible,False
93db566e-8ff9-45b0-afa2-0fbe82b8f580,ab589a7b-7cc9-4257-8fd7-241d2e3658da.rna_seq.augmented_star_gene_counts.tsv,32b6fcb0736a85a6570c344798975243,4232282,TCGA-44-2657,TCGA-44-2657-01A,1028d7a9-0ac0-4fd8-a34b-46f3e6e53f79,Primary Tumor,TCGA-44-2657-01A-01R-1107-07,eecca6e2e475aab335bd7c365025ca0d0daa144b,,eligible,True
d7439e19-2ab4-4209-9628-16e6ae6bc11e,962d56c6-0e10-4b55-9c4d-dbb89c983d74.rna_seq.augmented_star_gene_counts.tsv,cfa36bedea4886b805883560fdff08ff,4226345,TCGA-78-7155,TCGA-78-7155-01A,284de41b-6ad8-4c29-9eca-9a841cd7c3b7,Primary Tumor,TCGA-78-7155-01A-11R-2039-07,eecca6e2e475aab335bd7c365025ca0d0daa144b,,eligible,False
82e982fc-138a-48f8-8127-fb20caa019a2,b1d9364c-d703-4884-b96d-20d8084040a8.rna_seq.augmented_star_gene_counts.tsv,54f1b9cb73ec7405a3d531defbada6b5,4215198,TCGA-64-1678,TCGA-64-1678-01A,0a2d9fad-c5df-46c1-bf96-529c7c92dfba,Primary Tumor,TCGA-64-1678-01A-01R-0946-07,eecca6e2e475aab335bd7c365025ca0d0daa144b,,eligible,False
ece9f585-2710-4e10-b292-c5fbf588eda9,79e12f4d-94d7-45f8-b251-6b0fcbb6b885.rna_seq.augmented_star_gene_counts.tsv,0439fc52e9a319d25dc61451101f655b,4229944,TCGA-86-8673,TCGA-86-8673-01A,7901609b-ec53-48e1-80ee-489fa4187ebb,Primary Tumor,TCGA-86-8673-01A-11R-2403-07,eecca6e2e475aab335bd7c365025ca0d0daa144b,,eligible,False
6508912f-5f91-43e6-8e63-9233bf3e81eb,d1eba37d-0b00-47f4-a7c8-d2e80ec3e27b.rna_seq.augmented_star_gene_counts.tsv,454d329deb52bdfe0de142d001cec544,4240750,TCGA-97-7937,TCGA-97-7937-01A,cb0017ba-aee1-4046-81da-320040863bc2,Primary Tumor,TCGA-97-7937-01A-11R-2170-07,eecca6e2e475aab335bd7c365025ca0d0daa144b,,eligible,False
0905662e-ae14-4807-94ef-69db108fa2ee,e121b871-b177-47ef-a4f1-de73cb338519.rna_seq.augmented_star_gene_counts.tsv,4620c82ab3a9282afb23736a5cf2bedc,4230748,TCGA-69-7765,TCGA-69-7765-01A,49a4f112-f32d-4b68-989b-d761767ee973,Primary Tumor,TCGA-69-7765-01A-11R-2170-07,eecca6e2e475aab335bd7c365025ca0d0daa144b,,eligible,False
42be8d70-f8a0-49ea-94a9-58e320337843,eecb4e6b-6916-4673-815b-9a5366fe3a86.rna_seq.augmented_star_gene_counts.tsv,e22a268f8e146bfae970f289026d8f88,4219234,TCGA-49-4487,TCGA-49-4487-01A,3e88613e-9b97-4dbc-a052-b6dfe8c09956,Primary Tumor,TCGA-49-4487-01A-21R-1858-07,eecca6e2e475aab335bd7c365025ca0d0daa144b,,eligible,False
1098101e-1770-4055-ae41-d6c15e1c7b90,19853c82-c205-4af9-badd-82946eec14ad.rna_seq.augmented_star_gene_counts.tsv,53c7ca5b2ef9c8078a6174b9d92e48de,4239323,TCGA-78-7220,TCGA-78-7220-01A,98038913-75d0-41a6-ac67-a9263f5ab18a,Primary Tumor,TCGA-78-7220-01A-11R-2039-07,eecca6e2e475aab335bd7c365025ca0d0daa144b,,eligible,False
927beddd-e0e7-4695-b744-79f27519389e,044b4834-bb51-40c8-8027-e5d752fa8787.rna_seq.augmented_star_gene_counts.tsv,1fe66fdefd31ec9515e8bd37a6087e25,4234478,TCGA-55-8616,TCGA-55-8616-01A,2f073ffa-787e-4657-b1cd-d2db4865c809,Primary Tumor,TCGA-55-8616-01A-11R-2403-07,eecca6e2e475aab335bd7c365025ca0d0daa144b,,eligible,False
87b1a89f-591c-4d6b-929d-2eae2951740e,42ecec5f-f097-4d86-a9d9-cf0507b08c42.rna_seq.augmented_star_gene_counts.tsv,a6f75c1ad6217d7659b7b651205a9261,4262465,TCGA-55-8097,TCGA-55-8097-01A,54e85adb-6f45-4815-9816-a18b349cce42,Primary Tumor,TCGA-55-8097-01A-11R-2241-07,eecca6e2e475aab335bd7c365025ca0d0daa144b,,eligible,False
239d18cb-2886-48a0-9a3d-76558819dabd,764d71c7-f003-4cf6-851e-1587f12b4a69.rna_seq.augmented_star_gene_counts.tsv,3f42cf8368155d7d284313b44e60a1ba,4253354,TCGA-73-4668,TCGA-73-4668-01A,fdbfdf52-c0cd-4fbb-a910-b747516dfef4,Primary Tumor,TCGA-73-4668-01A-01R-1206-07,eecca6e2e475aab335bd7c365025ca0d0daa144b,,eligible,False
d4eb86d5-1952-449c-a5d7-20ccc04f0d07,56c858be-3637-4ba0-81be-208a3edac992.rna_seq.augmented_star_gene_counts.tsv,09fa4e80ada213d9fb4f10000bc78083,4256612,TCGA-97-7941,TCGA-97-7941-01A,586803bd-5ffb-4d14-8dc9-3e540a683afe,Primary Tumor,TCGA-97-7941-01A-11R-2187-07,eecca6e2e475aab335bd7c365025ca0d0daa144b,,eligible,False
b5b3c685-304f-4279-904a-c86c18f61576,f8a3b631-5140-45d0-8732-cb556d5f83b2.rna_seq.augmented_star_gene_counts.tsv,3a64a19aa379e81bd5c3bc4e64693b9b,4221925,TCGA-55-7910,TCGA-55-7910-01A,796a6e60-2289-48e0-8a50-ddfce6ebf73b,Primary Tumor,TCGA-55-7910-01A-11R-2170-07,eecca6e2e475aab335bd7c365025ca0d0daa144b,,eligible,False
09296d1f-9877-438d-96d8-7b4cc52940dd,49932944-ad54-4c6c-affc-08a4b76de933.rna_seq.augmented_star_gene_counts.tsv,d9a028d0e2e6a3aff7c833c7e73199be,4217774,TCGA-55-6984,TCGA-55-6984-01A,76c0adae-eef5-459e-a4c9-397d94ebfdcc,Primary Tumor,TCGA-55-6984-01A-11R-1949-07,eecca6e2e475aab335bd7c365025ca0d0daa144b,,eligible,True
e39f6bf6-2206-45f2-a1c0-81fc1d858fd2,1bd869a0-98a7-4e19-994f-41a1ce2c7b2d.rna_seq.augmented_star_gene_counts.tsv,1a3f179d5b9f791c9f28d66b64c87a1c,4235070,TCGA-44-2657,TCGA-44-2657-11A,e443f8b9-d975-4e40-bb62-af4380ceb520,Solid Tissue Normal,TCGA-44-2657-11A-01R-1758-07,eecca6e2e475aab335bd7c365025ca0d0daa144b,,eligible,True
780617e8-6a28-4774-b1e6-3135e1932327,5a1b3a79-375e-47a7-8a30-b37fbfd8162d.rna_seq.augmented_star_gene_counts.tsv,e3b4c6bab93e8bb6c408fdeb991b526a,4223286,TCGA-05-4390,TCGA-05-4390-01A,c7f76210-d0f2-4fb8-80f1-35098dbe03de,Primary Tumor,TCGA-05-4390-01A-02R-1755-07,eecca6e2e475aab335bd7c365025ca0d0daa144b,,eligible,False
7f9624e7-0e7b-4a2b-8413-1737f0f7c1d0,8e1fcc77-bf23-42e4-949f-d429f7211dd6.rna_seq.augmented_star_gene_counts.tsv,29785b75fe3e6352aecc7a29fd84be79,4226727,TCGA-86-8668,TCGA-86-8668-01A,826d2a46-4a89-4398-8a22-1ba7fefe4a7b,Primary Tumor,TCGA-86-8668-01A-11R-2403-07,eecca6e2e475aab335bd7c365025ca0d0daa144b,,eligible,False
fd52d8a9-e044-4f17-861a-9780752b20ee,1084d48c-88e8-4d67-9049-d0e4cd7f9535.rna_seq.augmented_star_gene_counts.tsv,be9025f55d1bd23e3ac1aa39b5066e11,4240394,TCGA-62-A46V,TCGA-62-A46V-01A,745a2adb-7096-4c8a-a830-c627ade98da9,Primary Tumor,TCGA-62-A46V-01A-11R-A24H-07,eecca6e2e475aab335bd7c365025ca0d0daa144b,,eligible,False
d2436cea-20c9-4c32-98d3-61eb445865be,56ba7921-5bee-4a1e-9fba-a78a034547a6.rna_seq.augmented_star_gene_counts.tsv,62d0d93247cfba62970644403835bb37,4233839,TCGA-55-8614,TCGA-55-8614-01A,556bb046-bd81-4366-a167-e86d991ee732,Primary Tumor,TCGA-55-8614-01A-11R-2403-07,eecca6e2e475aab335bd7c365025ca0d0daa144b,,eligible,False
08971a88-cb64-4030-93e5-08d77d2ed654,978fb63c-dae9-4037-81c9-598e87341931.rna_seq.augmented_star_gene_counts.tsv,2fc7061fd638f84bc5aee8e89a793661,4243850,TCGA-38-4627,TCGA-38-4627-01A,feec7fa2-1f3f-4cbe-a89c-df01d13a9299,Primary Tumor,TCGA-38-4627-01A-01R-1206-07,eecca6e2e475aab335bd7c365025ca0d0daa144b,,eligible,True
5a37129a-9672-4fda-8576-e7de1db7b2c2,be000bb2-fe39-4153-b000-df89033d412a.rna_seq.augmented_star_gene_counts.tsv,cae23ab93bcb96b6025459cd1436aa89,4229178,TCGA-38-4627,TCGA-38-4627-11A,43c2448e-0f93-4437-85cb-5f61397b0f4c,Solid Tissue Normal,TCGA-38-4627-11A-01R-1758-07,eecca6e2e475aab335bd7c365025ca0d0daa144b,,eligible,True
e824e07e-86cd-43eb-8f36-c60f36194f3c,bae79640-8273-42a2-913e-3d29e00ccc4f.rna_seq.augmented_star_gene_counts.tsv,6567d9cc847c7cf2e6109e47d0ef4b70,4218935,TCGA-49-4488,TCGA-49-4488-01A,1aea8530-43fd-47ea-a2f1-377267dc9d33,Primary Tumor,TCGA-49-4488-01A-01R-1755-07,eecca6e2e475aab335bd7c365025ca0d0daa144b,,eligible,False
edfdd711-4764-43a7-9948-4320dc17b2b1,7a7440bf-1ca1-4c6b-80f8-7151a38e5d18.rna_seq.augmented_star_gene_counts.tsv,f162e413b4faf2d30348c355707d16e0,4249016,TCGA-67-6215,TCGA-67-6215-01A,3ba5f6b9-6458-44e2-a0aa-b5c7e5fcd632,Primary Tumor,TCGA-67-6215-01A-11R-1755-07,eecca6e2e475aab335bd7c365025ca0d0daa144b,,eligible,False
577f10d0-c9a2-47c3-aa2f-b1bd5bd86d90,3b21349a-ee41-45bf-87de-19b6cda494d5.rna_seq.augmented_star_gene_counts.tsv,0d57d3831709ab5d4813c95f6eaa641a,4257885,TCGA-69-7973,TCGA-69-7973-01A,35300581-d122-4221-814e-801512df4984,Primary Tumor,TCGA-69-7973-01A-11R-2187-07,eecca6e2e475aab335bd7c365025ca0d0daa144b,,eligible,False
5ecf82a3-8658-4a64-a14c-fc5d1d6f56f8,2172f060-6402-44dc-a918-2f9c15c21fa4.rna_seq.augmented_star_gene_counts.tsv,3fbe3820ba2a58b94cabf84d7191aaeb,4207394,TCGA-55-7815,TCGA-55-7815-01A,bdab4848-dfb5-4b58-9d79-4ab0f0f80cbd,Primary Tumor,TCGA-55-7815-01A-11R-2170-07,eecca6e2e475aab335bd7c365025ca0d0daa144b,,eligible,False
89785c02-2345-4fa3-b73b-4d9da706c972,e6992421-f34c-4a68-a218-d53f56d0f562.rna_seq.augmented_star_gene_counts.tsv,9a2ddeed73afde6de9a3021e062ba82c,4219958,TCGA-75-7030,TCGA-75-7030-01A,56c937b3-b48f-4662-b992-3265dbb6bc7d,Primary Tumor,TCGA-75-7030-01A-11R-1949-07,eecca6e2e475aab335bd7c365025ca0d0daa144b,,eligible,False
85feefbe-6aad-430b-a882-c71e4a5d1e07,160dd8d4-3262-4789-bd92-d5470bc7d41b.rna_seq.augmented_star_gene_counts.tsv,46f6d40d38e0220b88ece7a6a1769424,4240771,TCGA-62-A46S,TCGA-62-A46S-01A,9f9bd43e-2204-4837-a4a1-8bba437b179b,Primary Tumor,TCGA-62-A46S-01A-11R-A24H-07,eecca6e2e475aab335bd7c365025ca0d0daa144b,,eligible,False
2c81c69f-e08a-4586-b3f9-33d4af417d1f,2a05b2c0-f94d-4c07-889a-def7131895bd.rna_seq.augmented_star_gene_counts.tsv,f85e0931c72e5c305094f162a75fbeda,4236318,TCGA-86-A4JF,TCGA-86-A4JF-01A,1c0bc537-7eb8-4bbf-b7bb-cc8e0e610277,Primary Tumor,TCGA-86-A4JF-01A-11R-A24X-07,eecca6e2e475aab335bd7c365025ca0d0daa144b,,eligible,False
20daa4af-7d88-42c8-9279-34372e687e5d,9446312e-b87c-411c-b9a3-a19603eff965.rna_seq.augmented_star_gene_counts.tsv,b8c63fb95772121ef09e0c404fc97c80,4218156,TCGA-05-5715,TCGA-05-5715-01A,84e27f5e-ce0d-4bb7-9ae8-5b12162bb801,Primary Tumor,TCGA-05-5715-01A-01R-1628-07,eecca6e2e475aab335bd7c365025ca0d0daa144b,,eligible,False
0f37f5ba-3582-4c61-8c70-bf9b0ede6e71,2276a330-e86b-46e1-be45-ae41d217ef66.rna_seq.augmented_star_gene_counts.tsv,a9560eb9da63cad136a7c1a21a3a743d,4246181,TCGA-97-A4LX,TCGA-97-A4LX-01A,66e63d23-d3e7-4c6a-b099-4000ebaf8c71,Primary Tumor,TCGA-97-A4LX-01A-11R-A24X-07,eecca6e2e475aab335bd7c365025ca0d0daa144b,,eligible,False
ce886e9b-2167-486f-8d8a-d4fec39d86c9,8a44c8a0-142b-48bb-9809-69914811bacc.rna_seq.augmented_star_gene_counts.tsv,f69b8a27e433a9bd6ea09a17037bf287,4229964,TCGA-50-6593,TCGA-50-6593-01A,3b2ed302-d8f1-4078-95f0-3b5c5b322deb,Primary Tumor,TCGA-50-6593-01A-11R-1755-07,eecca6e2e475aab335bd7c365025ca0d0daa144b,,eligible,False
7666bfbe-6803-4b5d-b3b4-e9069fc4bea5,c18d9cb5-17ca-4c49-bd72-4b4c6184fba3.rna_seq.augmented_star_gene_counts.tsv,599701dbdeae7d240828cacbe37318a4,4220158,TCGA-62-A472,TCGA-62-A472-01A,b45ae61c-6377-403d-a094-2b7a245cb45d,Primary Tumor,TCGA-62-A472-01A-11R-A24H-07,eecca6e2e475aab335bd7c365025ca0d0daa144b,,eligible,False
6c20a899-c806-46d0-b744-a26e53a9cb45,80ef527d-5511-4944-a1b3-1426d98294b7.rna_seq.augmented_star_gene_counts.tsv,988dc2e0d83db9da378b80513d7391cb,4249184,TCGA-55-6985,TCGA-55-6985-11A,78fc7ec1-6795-45d8-a9e1-c8ef88d202e5,Solid Tissue Normal,TCGA-55-6985-11A-01R-1949-07,eecca6e2e475aab335bd7c365025ca0d0daa144b,,eligible,True
40dba5d9-ce2e-483b-b4a7-19fbca8158e5,dc3ac0d3-d862-4761-ac12-60bb4d6758c1.rna_seq.augmented_star_gene_counts.tsv,9a694d0d5914d8e5193fd1f5f60ca4d8,4228652,TCGA-55-6985,TCGA-55-6985-01A,c52909f8-5d3f-4db2-952a-8c13814ddfb0,Primary Tumor,TCGA-55-6985-01A-11R-1949-07,eecca6e2e475aab335bd7c365025ca0d0daa144b,,eligible,True
51f545d2-3da2-46c1-9ed4-204133701dad,ebc79b86-12cb-4a5b-b0e4-4d1017ef22f4.rna_seq.augmented_star_gene_counts.tsv,4ec5b81c26d790a1025a3e2de08d3327,4210246,TCGA-62-A470,TCGA-62-A470-01A,fceb89f9-c4db-42b4-84dd-06a8603c071b,Primary Tumor,TCGA-62-A470-01A-11R-A24H-07,eecca6e2e475aab335bd7c365025ca0d0daa144b,,eligible,False
72d9c332-92e3-4f9c-899d-1de9969b1bd6,6667948a-1834-4572-a1b3-3bc9096650e8.rna_seq.augmented_star_gene_counts.tsv,bcfe7738574088400654ae1e2e320592,4245736,TCGA-78-7542,TCGA-78-7542-01A,43b96e20-df08-4c56-915f-5d626f90c415,Primary Tumor,TCGA-78-7542-01A-21R-2066-07,eecca6e2e475aab335bd7c365025ca0d0daa144b,,eligible,False
4dbd91d6-8d7b-4e6d-9dc1-3347c3f3996d,0f6c0159-7342-4519-83f5-52c2d457c4f8.rna_seq.augmented_star_gene_counts.tsv,2cb02fa475538bf79cc96205bab7d4b3,4246526,TCGA-78-7147,TCGA-78-7147-01A,5d0e7b83-5577-450a-b1a5-59ca03fc3bc5,Primary Tumor,TCGA-78-7147-01A-11R-2039-07,eecca6e2e475aab335bd7c365025ca0d0daa144b,,eligible,False
443ccb95-79d0-47ea-9915-18d5bc10eac4,ec3a68ca-1006-4f2f-95b5-74d506ceda86.rna_seq.augmented_star_gene_counts.tsv,ecb819733c70c92f3d0f2fded167360c,4231505,TCGA-78-7148,TCGA-78-7148-01A,f40fdd2f-868d-4cda-952e-bd385e8cc84c,Primary Tumor,TCGA-78-7148-01A-11R-2039-07,eecca6e2e475aab335bd7c365025ca0d0daa144b,,eligible,False
9726aa3d-8a66-4568-92e5-c092c05a9a5d,a308a190-de5d-401c-a030-e089cb6d39db.rna_seq.augmented_star_gene_counts.tsv,ab534cd31632ba632f7f220185851830,4248454,TCGA-35-3615,TCGA-35-3615-01A,7407d705-6ec6-4143-93d2-eedcf5a22399,Primary Tumor,TCGA-35-3615-01A-01R-0946-07,eecca6e2e475aab335bd7c365025ca0d0daa144b,,eligible,False
86757083-5e47-423f-91e3-5f2ad6779b27,c16f63fb-a468-48e8-b679-6e26b8457530.rna_seq.augmented_star_gene_counts.tsv,fc50c91eedc412167f657a917285cbf8,4233079,TCGA-97-7938,TCGA-97-7938-01A,b187fc64-f51c-4be1-8f97-0075472aafd4,Primary Tumor,TCGA-97-7938-01A-11R-2170-07,eecca6e2e475aab335bd7c365025ca0d0daa144b,,eligible,False
754343b4-f9f5-478a-a076-2791b8857c3e,8a6d64cc-3f03-4a5d-b6ce-83fa9c7f7d07.rna_seq.augmented_star_gene_counts.tsv,5af2aac801e2a7259b41ef4caca8fdac,4258956,TCGA-55-7995,TCGA-55-7995-01A,ee6445a5-22e8-42d8-a2e3-8f0058066352,Primary Tumor,TCGA-55-7995-01A-11R-2187-07,eecca6e2e475aab335bd7c365025ca0d0daa144b,,eligible,False
bb47dbbf-75f5-4bbf-bd1a-ca81383f211b,2beab6d3-563d-421f-bf4a-7e1f843ec637.rna_seq.augmented_star_gene_counts.tsv,1b6d55b7b00ed84a78c2704a3581775c,4226091,TCGA-97-8547,TCGA-97-8547-01A,3073311b-5b00-4fd7-b1f6-1067d2e86564,Primary Tumor,TCGA-97-8547-01A-11R-2403-07,eecca6e2e475aab335bd7c365025ca0d0daa144b,,eligible,False
4c37a5fe-812f-42ac-aa56-259b31df6894,482e60ad-222e-4ead-8a3c-a3b44e54aa5e.rna_seq.augmented_star_gene_counts.tsv,3cd3cfb8e558b5e2603b79c6f2b79bd1,4242709,TCGA-55-A494,TCGA-55-A494-01A,8178f402-db5c-4343-a6f6-4d4f9d3bf4ac,Primary Tumor,TCGA-55-A494-01A-11R-A24X-07,eecca6e2e475aab335bd7c365025ca0d0daa144b,,eligible,False
6525f4e0-ba79-4576-89b3-df0ab6e45309,a5f6ddd7-f795-4920-b714-ed86942953e3.rna_seq.augmented_star_gene_counts.tsv,6a687e24eaaf5e56dec613cc190c04be,4245794,TCGA-97-8175,TCGA-97-8175-01A,a05b004e-8a92-4520-a3e1-85ed60db14fa,Primary Tumor,TCGA-97-8175-01A-11R-2287-07,eecca6e2e475aab335bd7c365025ca0d0daa144b,,eligible,False
dba9c344-546c-49db-91df-abd25ae4b0cc,91181a9c-3113-47b6-8d1c-8173f9eac675.rna_seq.augmented_star_gene_counts.tsv,1209dda28577eb250101332233853261,4221235,TCGA-55-6712,TCGA-55-6712-01A,ea75499c-7bf0-47be-9b09-3c12aaa22f12,Primary Tumor,TCGA-55-6712-01A-11R-1858-07,eecca6e2e475aab335bd7c365025ca0d0daa144b,,eligible,False
9f1c581d-42a9-4067-8b91-5d309457b5e8,aac03db2-1e90-4c0e-9094-4df06abeb84d.rna_seq.augmented_star_gene_counts.tsv,afec85b38f09563a0aca66cd9d133375,4219664,TCGA-55-8508,TCGA-55-8508-01A,1d8e9258-d210-4ef8-b448-65d628bb3063,Primary Tumor,TCGA-55-8508-01A-11R-2403-07,eecca6e2e475aab335bd7c365025ca0d0daa144b,,eligible,False
0737eb23-c066-4522-8f5c-dbb4b3b516b0,a0c9ebdf-951b-4d8d-aa79-3ff1c82342cd.rna_seq.augmented_star_gene_counts.tsv,344cd663e35a9e4746e58f3a92188710,4227073,TCGA-44-7659,TCGA-44-7659-01A,43ab9d3a-9e4e-49a1-8044-280850a5cd7e,Primary Tumor,TCGA-44-7659-01A-11R-2066-07,eecca6e2e475aab335bd7c365025ca0d0daa144b,,eligible,False
775f63d2-d752-4d68-abc1-129fce5c3301,6aa56177-0576-454d-81e8-28aa9ce76406.rna_seq.augmented_star_gene_counts.tsv,cd814ca615d8b2be63df5c14b4ab0131,4238700,TCGA-MP-A4TI,TCGA-MP-A4TI-01A,3e2f1a0a-b097-45b4-8cf4-92a38e134bc5,Primary Tumor,TCGA-MP-A4TI-01A-21R-A24X-07,eecca6e2e475aab335bd7c365025ca0d0daa144b,,eligible,False
de18a680-86a5-4319-a332-42227d490aa5,61807b4d-bbab-4ea8-a904-35c562ec6c29.rna_seq.augmented_star_gene_counts.tsv,876fc21be1ad60c90aaf7d515972a3c2,4234851,TCGA-44-A4SS,TCGA-44-A4SS-01A,6176e1f7-8dfd-4de4-8abb-3eff1839de56,Primary Tumor,TCGA-44-A4SS-01A-11R-A24X-07,eecca6e2e475aab335bd7c365025ca0d0daa144b,,eligible,False
334cc9fa-3e9b-4462-b84d-dc595e89d537,49acc5ad-6a61-41e1-9acb-4260e932a184.rna_seq.augmented_star_gene_counts.tsv,3f0751b58efdb8a96a158b5d8ae5b61a,4242279,TCGA-55-7570,TCGA-55-7570-01A,ccfec92a-3843-4e73-9f83-746d9b2df60c,Primary Tumor,TCGA-55-7570-01A-11R-2039-07,eecca6e2e475aab335bd7c365025ca0d0daa144b,,eligible,False
d8334fd5-d042-48b4-95f5-4d5e3c5166e9,aab7b2a0-4181-4556-b1a8-28d31f98a43c.rna_seq.augmented_star_gene_counts.tsv,334ed0d69b61a0328fbfe91d87deeebe,4234672,TCGA-MP-A4TE,TCGA-MP-A4TE-01A,3e11762a-faf0-489d-8985-8ede2ccabd76,Primary Tumor,TCGA-MP-A4TE-01A-22R-A466-07,eecca6e2e475aab335bd7c365025ca0d0daa144b,,eligible,False
5caf3127-967f-4d07-b49d-7126728e2048,1d7be20b-b4ca-47bb-9552-689f2e3ff0f7.rna_seq.augmented_star_gene_counts.tsv,40c6fe8905f979c9b4741b4ffa69cc6a,4249339,TCGA-44-A4SU,TCGA-44-A4SU-01A,5d4e89c1-563b-4008-9cfd-1b3eb4fbf88a,Primary Tumor,TCGA-44-A4SU-01A-11R-A24X-07,eecca6e2e475aab335bd7c365025ca0d0daa144b,,eligible,False
94d8b11e-0198-4f40-987a-44691b3b03fa,1efac920-fb46-4ac8-b8b1-d1f2743edefe.rna_seq.augmented_star_gene_counts.tsv,86cf9c580afa5f8a0e0898c02b70e087,4224605,TCGA-55-7907,TCGA-55-7907-01A,88c65791-1a9c-4121-955a-9bd5ed1b0bba,Primary Tumor,TCGA-55-7907-01A-11R-2170-07,eecca6e2e475aab335bd7c365025ca0d0daa144b,,eligible,False
b53ceb0c-a338-46e2-a0e6-224dec5ea807,05ca3ffd-a4d9-4667-80e2-d15125e88f7c.rna_seq.augmented_star_gene_counts.tsv,69d2dbba24a9e6dcd8d1a224289dc053,4244751,TCGA-97-A4M1,TCGA-97-A4M1-01A,a9c846b1-9ee0-4f96-85bf-b7dd53c4230c,Primary Tumor,TCGA-97-A4M1-01A-11R-A24X-07,eecca6e2e475aab335bd7c365025ca0d0daa144b,,eligible,False
3362c701-3af3-4947-983a-6039b67d1526,fcfff41c-378f-49e8-b416-ccd1b9d8b4b4.rna_seq.augmented_star_gene_counts.tsv,997bb80dda476a020c122e040ca3e2c5,4221810,TCGA-86-8672,TCGA-86-8672-01A,3e8b8c83-55c0-43f7-a4c1-24386b6f4f3a,Primary Tumor,TCGA-86-8672-01A-21R-2403-07,eecca6e2e475aab335bd7c365025ca0d0daa144b,,eligible,False
aaa72a07-5214-4145-9fb5-99c22b7c248a,f99ac82f-4fe6-4a9a-9d49-67c42cf66208.rna_seq.augmented_star_gene_counts.tsv,0b040ed97893575b9e567491d82824f5,4233406,TCGA-78-7160,TCGA-78-7160-01A,d0090140-e835-484e-bef0-e83011931b66,Primary Tumor,TCGA-78-7160-01A-11R-2039-07,eecca6e2e475aab335bd7c365025ca0d0daa144b,,eligible,False
c2371da5-868b-4788-91ec-c9d4bd8d8085,9d2f9191-338e-49ea-a887-a808cdf2703f.rna_seq.augmented_star_gene_counts.tsv,70b4c9eb00cfeedca229e97fdc895442,4227525,TCGA-78-7153,TCGA-78-7153-01A,f9e817fa-fc13-419f-9039-ee7422f0d10d,Primary Tumor,TCGA-78-7153-01A-11R-2039-07,eecca6e2e475aab335bd7c365025ca0d0daa144b,,eligible,False
12272d02-341e-43a2-aa23-7232a8dde730,d4db8bd3-6f2f-4c34-a4a7-1e23342e62b5.rna_seq.augmented_star_gene_counts.tsv,295046bc13ef8d662a8ff4de95d891a4,4235952,TCGA-62-A46R,TCGA-62-A46R-01A,fbce7d71-f82c-4457-a1c5-53edd05a0ea4,Primary Tumor,TCGA-62-A46R-01A-11R-A24H-07,eecca6e2e475aab335bd7c365025ca0d0daa144b,,eligible,False
9123a775-d686-49ab-90e7-0dc572c2fcaf,7643fc1a-086e-4ea5-9766-3dde13cc00b4.rna_seq.augmented_star_gene_counts.tsv,3877efe3d98308858856b402ea9bd066,4222287,TCGA-75-6206,TCGA-75-6206-01A,4afc6152-819b-4e55-817d-df8a42eb0d36,Primary Tumor,TCGA-75-6206-01A-11R-1755-07,eecca6e2e475aab335bd7c365025ca0d0daa144b,,eligible,False
58390e08-43b2-4517-b57c-ff899594e55a,80416b83-9ea2-4d33-8ba4-1fe9330d51f2.rna_seq.augmented_star_gene_counts.tsv,d44b998211ce7aeb8fcf1125605ec9e1,4239310,TCGA-86-8671,TCGA-86-8671-01A,7d86a05d-f448-4a95-9bbc-6e19338ba98c,Primary Tumor,TCGA-86-8671-01A-11R-2403-07,eecca6e2e475aab335bd7c365025ca0d0daa144b,,eligible,False
68b00cb6-4335-4c64-a3e0-0c29ed574480,5418228b-cfd0-4580-87c6-3ebf6282ad73.rna_seq.augmented_star_gene_counts.tsv,fbabeebae2266a15dd0d21fc71796c93,4211769,TCGA-55-6972,TCGA-55-6972-01A,38c83b40-fba4-48d4-ad6e-93768cb6139f,Primary Tumor,TCGA-55-6972-01A-11R-1949-07,eecca6e2e475aab335bd7c365025ca0d0daa144b,,eligible,True
a4b8b2f2-6a56-4999-bd95-c2c8e4aa3bd0,5c5dec6e-b6ee-44af-a42e-485bdf54bde4.rna_seq.augmented_star_gene_counts.tsv,0b69a90b362e7d9bdf2019a5b0ee9f09,4224243,TCGA-55-6972,TCGA-55-6972-11A,650e21b6-138d-4b15-9551-a088695ef45f,Solid Tissue Normal,TCGA-55-6972-11A-01R-1949-07,eecca6e2e475aab335bd7c365025ca0d0daa144b,,eligible,True
306febc7-f9b2-493a-9520-b9700d0f3e47,04c4affd-ca5d-4ea4-95d1-a6502e80d1af.rna_seq.augmented_star_gene_counts.tsv,2f1039985e94678936c051c4119da1cd,4247685,TCGA-64-1681,TCGA-64-1681-01A,8010b0ae-f003-491e-aa81-36a9dff7de96,Primary Tumor,TCGA-64-1681-01A-11R-2066-07,eecca6e2e475aab335bd7c365025ca0d0daa144b,,eligible,False
656fd74d-49d8-40a5-8eb9-dac0fbe4ea2d,131b98d5-aaf4-4a6c-bb96-c33895cd814a.rna_seq.augmented_star_gene_counts.tsv,09aa4903a42a22afa8ffbef01f6e7014,4253351,TCGA-97-A4M7,TCGA-97-A4M7-01A,3d39d81b-c341-426c-b979-560c429b3af2,Primary Tumor,TCGA-97-A4M7-01A-11R-A24X-07,eecca6e2e475aab335bd7c365025ca0d0daa144b,,eligible,False
3c0ce8a7-a730-4f1a-9e03-335b3e36849b,e2f47d3a-0e1a-47cb-a53f-697e2a3cb89b.rna_seq.augmented_star_gene_counts.tsv,809235e19457da6800281acc0056037e,4244887,TCGA-49-4494,TCGA-49-4494-01A,7ca68089-c61f-4d31-8cc8-fb11ae70910a,Primary Tumor,TCGA-49-4494-01A-01R-1206-07,eecca6e2e475aab335bd7c365025ca0d0daa144b,,eligible,False
caa4bc15-6e54-4d5e-9d91-c25e800b71b9,c36d8349-6af1-4583-818d-cd3742ea97a7.rna_seq.augmented_star_gene_counts.tsv,375d57254b6abd5becaf6a601e11d6e2,4258625,TCGA-50-5946,TCGA-50-5946-01A,ad9a794f-52dd-4572-bf29-cd3d11ba6c24,Primary Tumor,TCGA-50-5946-01A-11R-1755-07,eecca6e2e475aab335bd7c365025ca0d0daa144b,,eligible,False
a0fce6cc-a525-4970-82b7-8512bb0708b3,7d9c7c34-76e0-4622-b5f7-60e12f6d4e07.rna_seq.augmented_star_gene_counts.tsv,15cec03c65ac24e7da940cd4b9f99219,4252453,TCGA-55-7913,TCGA-55-7913-01B,e7a733ac-55e0-4395-ad3b-7cfc5b526d01,Primary Tumor,TCGA-55-7913-01B-11R-2241-07,eecca6e2e475aab335bd7c365025ca0d0daa144b,,eligible,False
254bed99-398d-4c34-a804-67516d257e70,c63de407-f025-4939-9633-6550724be88c.rna_seq.augmented_star_gene_counts.tsv,82f16f580abc01b23457c00bbcd85eb4,4210733,TCGA-44-6779,TCGA-44-6779-01A,5e04d394-7a40-4e89-ba20-892774dcb469,Primary Tumor,TCGA-44-6779-01A-11R-1858-07,eecca6e2e475aab335bd7c365025ca0d0daa144b,,eligible,False
fdcad604-c1b4-40ff-a652-3c1e5fe5f9a1,2301103f-5cbe-4cb6-b5da-0b83b39e4616.rna_seq.augmented_star_gene_counts.tsv,b1e1c46c723cd8d97d6448d933348b53,4221999,TCGA-50-5055,TCGA-50-5055-01A,68d19e88-7fbd-48cc-a09f-55c47bfaf6e7,Primary Tumor,TCGA-50-5055-01A-01R-1628-07,eecca6e2e475aab335bd7c365025ca0d0daa144b,,eligible,False
8cdb3ed5-5922-4833-b255-30d9322f8fe9,322ff57d-60a1-45d6-a103-c953d11924f1.rna_seq.augmented_star_gene_counts.tsv,c0f1f2bb8b197bfbade439b9eb0f7ff4,4244946,TCGA-38-4628,TCGA-38-4628-01A,a74f6423-b5d3-4ae2-b61f-3ee04b1073bf,Primary Tumor,TCGA-38-4628-01A-01R-1206-07,eecca6e2e475aab335bd7c365025ca0d0daa144b,,eligible,False
db0caa6a-e863-4dad-a911-0c69127be9df,55071ef3-bf09-43a2-a54c-a9ec61a84615.rna_seq.augmented_star_gene_counts.tsv,1205cb7b4e1f0da5eb3547caf95c3e83,4255626,TCGA-86-7713,TCGA-86-7713-01A,a7347072-546c-4370-9214-96a17a713b27,Primary Tumor,TCGA-86-7713-01A-11R-2066-07,eecca6e2e475aab335bd7c365025ca0d0daa144b,,eligible,False
a5407526-9c45-427b-abcc-65d6e1f87158,c208cf0f-3922-4159-a7dd-76dccf9ff396.rna_seq.augmented_star_gene_counts.tsv,977894d85184f34de20c1e64f29b22d1,4229240,TCGA-67-6216,TCGA-67-6216-01A,4eaa4b4a-e9db-4e65-97d6-7fa1a205da95,Primary Tumor,TCGA-67-6216-01A-11R-1755-07,eecca6e2e475aab335bd7c365025ca0d0daa144b,,eligible,False
cce2b6af-bff9-4ad0-805d-b32aa6fae985,98a4b8cc-fd54-454c-adcd-6fe9ae159a3b.rna_seq.augmented_star_gene_counts.tsv,9085784f862f100407194d1c8cd177b9,4233398,TCGA-55-7283,TCGA-55-7283-01A,08b21fc8-ce08-47c4-b715-6e34213edc07,Primary Tumor,TCGA-55-7283-01A-11R-2039-07,eecca6e2e475aab335bd7c365025ca0d0daa144b,,eligible,False
6d0c282d-43d7-44fb-94e6-25771385e326,d4422306-b68c-4687-9131-02a60a2d4c42.rna_seq.augmented_star_gene_counts.tsv,552ee233c6cb65b341ebd50ae1236118,4263467,TCGA-73-4659,TCGA-73-4659-01A,c35a5ed1-1821-4077-ba1e-b972dfa3233b,Primary Tumor,TCGA-73-4659-01A-01R-1206-07,eecca6e2e475aab335bd7c365025ca0d0daa144b,,eligible,False
08d83462-5fcb-40c6-9d44-dbc42faa4df6,087c2c93-d071-41e1-a2e8-a1961ba54a86.rna_seq.augmented_star_gene_counts.tsv,7e0d04eb337f163632590bbd665fabaf,4267029,TCGA-86-8073,TCGA-86-8073-01A,1e5c2507-a7ee-4714-afdc-08a6c0f415e9,Primary Tumor,TCGA-86-8073-01A-11R-2241-07,eecca6e2e475aab335bd7c365025ca0d0daa144b,,eligible,False
4089d037-ab25-47a6-be68-19742473cbc6,50c308c9-922a-4083-ae09-e5e4d8c437af.rna_seq.augmented_star_gene_counts.tsv,168c5577e8da0154d7e4a2d823f394c2,4242766,TCGA-49-AARE,TCGA-49-AARE-01A,21483940-2c8f-411d-b36f-fb927cfbd6d4,Primary Tumor,TCGA-49-AARE-01A-11R-A41B-07,eecca6e2e475aab335bd7c365025ca0d0daa144b,,eligible,False
4981d1f3-2824-4cd0-81b8-e12a9727a248,1f7938f1-e04e-4ed0-8189-3d701c6fef72.rna_seq.augmented_star_gene_counts.tsv,bb9e2d908f47845c0c574bc498442c33,4250196,TCGA-05-4403,TCGA-05-4403-01A,44b1d21c-0794-428c-ba01-82812d74da2f,Primary Tumor,TCGA-05-4403-01A-01R-1206-07,eecca6e2e475aab335bd7c365025ca0d0daa144b,,eligible,False
7abd9747-a947-4b15-b51c-c82cda9f065c,731c955b-e1e8-462a-9c94-64310f2d7eae.rna_seq.augmented_star_gene_counts.tsv,1622584397c678c7e0361519fdaec87b,4244173,TCGA-MN-A4N4,TCGA-MN-A4N4-01A,37dd3ded-0df0-4d10-8756-0429a6da5405,Primary Tumor,TCGA-MN-A4N4-01A-12R-A24X-07,eecca6e2e475aab335bd7c365025ca0d0daa144b,,eligible,False
892294a6-6b94-4284-bae3-9eb0bdc853f6,981bfd73-1d4c-47c0-870a-b9a6300858dc.rna_seq.augmented_star_gene_counts.tsv,6959c489a603e1f8d501b811b7446fb7,4230310,TCGA-05-4415,TCGA-05-4415-01A,57e160f5-45fc-44ef-95c6-54e112e3b7f5,Primary Tumor,TCGA-05-4415-01A-22R-1858-07,eecca6e2e475aab335bd7c365025ca0d0daa144b,,eligible,False
a912206f-60e9-4564-9d84-db9c3ee75343,99c5c1c4-851a-42a4-b5a2-dd9da2959343.rna_seq.augmented_star_gene_counts.tsv,7e1f4be8d5e825666e9bd0339b72fdf5,4264297,TCGA-75-5147,TCGA-75-5147-01A,f9f9c1dd-8462-4560-82b8-aea4309854c9,Primary Tumor,TCGA-75-5147-01A-01R-1628-07,eecca6e2e475aab335bd7c365025ca0d0daa144b,,eligible,False
6c66987a-38f6-4125-8ac1-aa55921fcc26,f77f77e1-073c-4f6a-bc48-1ba165ecc024.rna_seq.augmented_star_gene_counts.tsv,350a2f170bf1813048d9831ce0acb2d1,4233750,TCGA-78-7154,TCGA-78-7154-01A,5a9f5ccb-635d-440e-ad03-fde8f63a2233,Primary Tumor,TCGA-78-7154-01A-11R-2039-07,eecca6e2e475aab335bd7c365025ca0d0daa144b,,eligible,False
b6c69243-9731-4578-b037-ac997cbdc7dc,2306a9ab-37ae-4dfd-b992-4f62022c3d4c.rna_seq.augmented_star_gene_counts.tsv,b50857213b4d430cfd349ff5b717b473,4244236,TCGA-95-A4VK,TCGA-95-A4VK-01A,728db9f6-58b5-4270-a494-1298809f17c0,Primary Tumor,TCGA-95-A4VK-01A-11R-A262-07,eecca6e2e475aab335bd7c365025ca0d0daa144b,,eligible,False
30e51b69-6778-4125-bb18-86694d42a6e9,8bd7c2cf-7960-46ca-9373-1c19557dd0aa.rna_seq.augmented_star_gene_counts.tsv,f342cff10b7d2c71e57a90c5a91855f9,4241149,TCGA-99-AA5R,TCGA-99-AA5R-01A,ddbe2867-b02a-45d6-8514-921eaf6074ea,Primary Tumor,TCGA-99-AA5R-01A-11R-A39D-07,eecca6e2e475aab335bd7c365025ca0d0daa144b,,eligible,False
f8670621-43a9-491c-81b7-8999ca9975a7,9b4a912b-c42b-4a3a-8723-58b4dcb85949.rna_seq.augmented_star_gene_counts.tsv,7923c2b114babb1a7a4628121c3bb2ff,4257735,TCGA-53-7626,TCGA-53-7626-01A,7d0017c2-db42-4758-8dc4-0250ec5fd83c,Primary Tumor,TCGA-53-7626-01A-12R-2066-07,eecca6e2e475aab335bd7c365025ca0d0daa144b,,eligible,False
12c95903-cae1-4f9f-97c7-05ab05f4fd7f,1205cc6a-c42f-44c8-bf1c-84ef49eaaee4.rna_seq.augmented_star_gene_counts.tsv,354d2e7bb6af24532f017206063239a9,4242426,TCGA-50-8457,TCGA-50-8457-01A,063385d8-f8bc-4268-8219-63dc2dc7973c,Primary Tumor,TCGA-50-8457-01A-11R-2326-07,eecca6e2e475aab335bd7c365025ca0d0daa144b,,eligible,False
94861d8a-3b40-4334-9fb5-c9df71a1e1da,8c55ee80-c8c3-4196-9b67-81732fffe9f4.rna_seq.augmented_star_gene_counts.tsv,1adb811f44e89845340404914895f12c,4228528,TCGA-91-6840,TCGA-91-6840-01A,af744755-51eb-4daf-9029-5cf88730b1dc,Primary Tumor,TCGA-91-6840-01A-11R-1949-07,eecca6e2e475aab335bd7c365025ca0d0daa144b,,eligible,False
3976128b-36ba-4bf0-8121-867e89aba2c9,fec7a02d-1d67-412d-9d69-df7124864e7a.rna_seq.augmented_star_gene_counts.tsv,9fd77741af4d59ab2697eb01c9cf90d9,4237015,TCGA-55-8507,TCGA-55-8507-01A,baa282a3-b78b-4be7-9756-4e4c6298f8a3,Primary Tumor,TCGA-55-8507-01A-11R-2403-07,eecca6e2e475aab335bd7c365025ca0d0daa144b,,eligible,False
45d4b468-9089-46fd-8b5e-ad80a5148abd,6e2e3178-73ad-4590-a56b-bb7fd9984acd.rna_seq.augmented_star_gene_counts.tsv,793334bac3ad933f56e75de2b5cccf81,4251058,TCGA-55-6969,TCGA-55-6969-01A,64a45521-0494-45f6-b605-198e5c2c56ba,Primary Tumor,TCGA-55-6969-01A-11R-1949-07,eecca6e2e475aab335bd7c365025ca0d0daa144b,,eligible,True
9ad544f6-b684-4a97-8d05-f812267962bb,f8a748c2-91e5-49a2-9095-229476dc9ce5.rna_seq.augmented_star_gene_counts.tsv,57855060f7c89352ab88009f92c93092,4224341,TCGA-55-6969,TCGA-55-6969-11A,cf83442c-cc01-41e6-bc00-c193237213ea,Solid Tissue Normal,TCGA-55-6969-11A-01R-1949-07,eecca6e2e475aab335bd7c365025ca0d0daa144b,,eligible,True
9940e2a8-6a68-4482-a1bc-2a6edb7d52cd,bc8b6dee-0f79-492f-85e1-c1a09d6f9680.rna_seq.augmented_star_gene_counts.tsv,adc6e0a31776c8970551d88894e45b24,4226354,TCGA-78-8655,TCGA-78-8655-01A,e3ab8511-d37d-4cec-a954-cfc616b2cefd,Primary Tumor,TCGA-78-8655-01A-11R-2403-07,eecca6e2e475aab335bd7c365025ca0d0daa144b,,eligible,False
7cf36ebf-b16e-49ac-bcc4-b127b1f2a3da,3dde8e24-6a2b-49ab-b4df-c058f18a3851.rna_seq.augmented_star_gene_counts.tsv,589cd84827918fc45ee16368ada13790,4252365,TCGA-78-7536,TCGA-78-7536-01A,359f80d0-faea-42ad-82c7-e34d238a3a3e,Primary Tumor,TCGA-78-7536-01A-11R-2066-07,eecca6e2e475aab335bd7c365025ca0d0daa144b,,eligible,False
7671d2c4-d6da-46d5-8ef0-baab496456d2,0c09f267-c052-4208-83f3-9acbad0867d5.rna_seq.augmented_star_gene_counts.tsv,2e2692c2ae972bad152b7041f46be450,4210042,TCGA-91-6831,TCGA-91-6831-11A,41433a93-f941-40d7-bd47-cb6bef90d289,Solid Tissue Normal,TCGA-91-6831-11A-02R-1858-07,eecca6e2e475aab335bd7c365025ca0d0daa144b,,eligible,True
14d76abd-84f2-4875-8d03-5a27b4505715,56d7d6b5-33c0-4551-967c-afce1f970395.rna_seq.augmented_star_gene_counts.tsv,bb0154dc392468a8e4ee8ab354eb3966,4230456,TCGA-91-6831,TCGA-91-6831-01A,7b1d8b50-f3df-4aab-a654-c3810d8d576d,Primary Tumor,TCGA-91-6831-01A-11R-1858-07,eecca6e2e475aab335bd7c365025ca0d0daa144b,,eligible,True
63a884f4-0d20-4cb5-b485-72e066b6490f,d3ebb2ea-10db-4c29-8e7c-7c13b23b5b15.rna_seq.augmented_star_gene_counts.tsv,ed0423f0517fabc14c44cdcd125c1956,4231541,TCGA-62-A46O,TCGA-62-A46O-01A,493205f9-34b7-483b-885a-ace1e4894250,Primary Tumor,TCGA-62-A46O-01A-11R-A24H-07,eecca6e2e475aab335bd7c365025ca0d0daa144b,,eligible,False
a43e0f24-382c-431f-9bdb-94b3fa5c52a1,597af330-73d5-4905-803e-56d744ab723d.rna_seq.augmented_star_gene_counts.tsv,f098a29f5ad3a6da88dd05b9f1425632,4252227,TCGA-55-7728,TCGA-55-7728-01A,d1a83e2e-276f-4366-acd1-fe6bd3f7988f,Primary Tumor,TCGA-55-7728-01A-11R-2187-07,eecca6e2e475aab335bd7c365025ca0d0daa144b,,eligible,False
afa5c7c4-02f8-4417-873c-378937f5fbbb,9aa5eb7d-1d54-47f6-aeeb-59be4880f004.rna_seq.augmented_star_gene_counts.tsv,140ea4447340fa927763cbdbb19294c3,4254670,TCGA-86-8280,TCGA-86-8280-01A,dc242475-d2c0-4c6a-b227-f6a21a27179a,Primary Tumor,TCGA-86-8280-01A-11R-2287-07,eecca6e2e475aab335bd7c365025ca0d0daa144b,,eligible,False
38ec487d-0a4a-4287-9c14-4bfdb959b402,32675d71-6f79-4b8f-ab7c-e2350b15875c.rna_seq.augmented_star_gene_counts.tsv,27afb72bae1bc85f4df940514d7490d2,4235385,TCGA-44-A47G,TCGA-44-A47G-01A,70058d0b-3a99-490d-8f3a-97611faf2326,Primary Tumor,TCGA-44-A47G-01A-21R-A24H-07,eecca6e2e475aab335bd7c365025ca0d0daa144b,,eligible,False
a135a2b4-bc6a-4dd6-baa9-f08ab2d4971a,c41a2347-8277-494e-90c6-f1918223388b.rna_seq.augmented_star_gene_counts.tsv,bbe8127b4e50e5b09375051038cfef2e,4230666,TCGA-86-6562,TCGA-86-6562-01A,de4bb1d0-8bd9-4614-85ca-c39d8c636bcc,Primary Tumor,TCGA-86-6562-01A-11R-1755-07,eecca6e2e475aab335bd7c365025ca0d0daa144b,,eligible,False
4e27513c-172b-4d19-a397-ade6df353e6c,20ecdb2d-16ad-437b-ac0e-b84339c769a6.rna_seq.augmented_star_gene_counts.tsv,5db0662ae2c4c127c8f9d98337541c17,4242933,TCGA-97-A4M0,TCGA-97-A4M0-01A,6dd5d1bd-d39f-462e-9d6e-158dc08dc0af,Primary Tumor,TCGA-97-A4M0-01A-11R-A24X-07,eecca6e2e475aab335bd7c365025ca0d0daa144b,,eligible,False
bd820f5e-c8fd-4af5-b81c-2c51715cd759,12beb3ab-f6e1-42b0-af74-1a8cbb3416c0.rna_seq.augmented_star_gene_counts.tsv,30ae0fb3e98b58ff708905810f4ee66d,4234562,TCGA-J2-A4AG,TCGA-J2-A4AG-01A,ed940a3c-39ed-4127-9174-03ffcf448505,Primary Tumor,TCGA-J2-A4AG-01A-11R-A24H-07,eecca6e2e475aab335bd7c365025ca0d0daa144b,,eligible,False
a4c14abb-5b10-41df-9da5-39f1ee194b7c,404aadcc-cb30-4dba-b2b3-efd573cd9ffe.rna_seq.augmented_star_gene_counts.tsv,e9c7ce2f753e3178ca6b9eb11071d82c,4261315,TCGA-55-8087,TCGA-55-8087-01A,f0054242-3f54-41d4-9f74-94f61fefbfbc,Primary Tumor,TCGA-55-8087-01A-11R-2241-07,eecca6e2e475aab335bd7c365025ca0d0daa144b,,eligible,False
f2dbb2df-c98b-42d1-9fad-9708bc42fa03,b5cadc0c-3088-4f81-9561-902c8ca44c2d.rna_seq.augmented_star_gene_counts.tsv,f81aad9162561e324ef51a7a01317a4e,4239412,TCGA-J2-A4AE,TCGA-J2-A4AE-01A,34492a58-bfc3-48a7-a1dc-a5c3f5f7d462,Primary Tumor,TCGA-J2-A4AE-01A-21R-A24H-07,eecca6e2e475aab335bd7c365025ca0d0daa144b,,eligible,False
af2c7fc6-003d-4c41-bba5-95a005699a57,f74d61fe-042f-4cfc-a32b-380389629951.rna_seq.augmented_star_gene_counts.tsv,e41a5b485cbcff3bfed013b31c63a340,4240829,TCGA-55-A493,TCGA-55-A493-01A,a08a22c9-5b3a-4748-89af-0fae50522f1b,Primary Tumor,TCGA-55-A493-01A-11R-A24H-07,eecca6e2e475aab335bd7c365025ca0d0daa144b,,eligible,False
bfecde55-3ed3-4977-899b-d7c22b6df15b,b7f9da49-2a09-4f32-af6c-980ccf75250b.rna_seq.augmented_star_gene_counts.tsv,239eea2e924502ba36ce92b9e8d0a04b,4235711,TCGA-93-7348,TCGA-93-7348-01A,cd8ff232-b36b-4ed0-a0c6-7e0e172ea390,Primary Tumor,TCGA-93-7348-01A-21R-2039-07,eecca6e2e475aab335bd7c365025ca0d0daa144b,,eligible,False
cb93a89c-f291-4042-a988-0fb1b392e4d7,4102816c-2ab8-4ecb-83b0-4f78c052bcd8.rna_seq.augmented_star_gene_counts.tsv,dedf19999ef78fc8c2c60e835ed0198b,4229128,TCGA-55-6543,TCGA-55-6543-01A,8d9491e7-9b14-4988-8fa7-e6af041120bd,Primary Tumor,TCGA-55-6543-01A-11R-1755-07,eecca6e2e475aab335bd7c365025ca0d0daa144b,,eligible,False
2281a9d6-bd48-418a-9ad1-04b06a251e47,36db1d28-8a10-46cc-91ef-d5036aaba9c3.rna_seq.augmented_star_gene_counts.tsv,f5b0bdb648131cc3e4480a83fa5ccc2e,4257756,TCGA-05-4432,TCGA-05-4432-01A,2a675528-1abc-4220-a61a-25109850ce0d,Primary Tumor,TCGA-05-4432-01A-01R-1206-07,eecca6e2e475aab335bd7c365025ca0d0daa144b,,eligible,False
32876f27-f304-4be0-8881-f9842a9fbb67,e8ea2e59-65dc-49c9-b6f3-b9335185390d.rna_seq.augmented_star_gene_counts.tsv,34c30f39f393a6132d290119e8b092cd,4234856,TCGA-91-A4BC,TCGA-91-A4BC-01A,485a7981-a812-4c8c-a288-4f5cd8a50607,Primary Tumor,TCGA-91-A4BC-01A-11R-A24H-07,eecca6e2e475aab335bd7c365025ca0d0daa144b,,eligible,False
53b14fb6-9f29-412a-921b-49e270fa2039,5511e816-3ce5-4d0c-80a7-71ee42ba8fc9.rna_seq.augmented_star_gene_counts.tsv,52c7e9c85942f473d73e9cc6c6f9d108,4246905,TCGA-55-6984,TCGA-55-6984-11A,0e0ff02a-dd07-487b-bd81-fa2a001977fb,Solid Tissue Normal,TCGA-55-6984-11A-01R-1949-07,eecca6e2e475aab335bd7c365025ca0d0daa144b,,eligible,True
45fe5e83-1e4a-4e0a-ac03-62ef32a90e77,6b51d2ce-51ed-4b34-890d-9f83d363118c.rna_seq.augmented_star_gene_counts.tsv,31eeb6845913da77fef24ca097fc7eee,4246904,TCGA-93-7347,TCGA-93-7347-01A,7e1638d3-f134-4dc8-becc-9f4d49d83024,Primary Tumor,TCGA-93-7347-01A-11R-2187-07,eecca6e2e475aab335bd7c365025ca0d0daa144b,,eligible,False
055fcce9-7448-4a16-ad18-d235dac7ce97,b95a1889-2ef5-4da3-b5e9-14b678c4d71a.rna_seq.augmented_star_gene_counts.tsv,e377ff197e805d9c7486d7285f9e12af,4220504,TCGA-50-5936,TCGA-50-5936-01A,5b90379e-83f2-459a-be36-bd7ebbb6bfff,Primary Tumor,TCGA-50-5936-01A-11R-1628-07,eecca6e2e475aab335bd7c365025ca0d0daa144b,,eligible,True
e0ff7e04-078a-46a4-ac8c-8a287c1d608e,aa0b2722-97db-4b5a-9a56-213f63255097.rna_seq.augmented_star_gene_counts.tsv,a3021ebe129a6457c2e108905e0a5053,4261203,TCGA-69-8254,TCGA-69-8254-01A,96bdafe1-b0fb-4126-9734-1374d615ef6d,Primary Tumor,TCGA-69-8254-01A-11R-2287-07,eecca6e2e475aab335bd7c365025ca0d0daa144b,,eligible,False
466db517-921b-47e8-b249-b4c9bd714bfd,28e5e6cc-60b0-4324-b05e-d05af474da90.rna_seq.augmented_star_gene_counts.tsv,d3b9fd17453841cff2554e66dc1a6776,4250649,TCGA-69-7978,TCGA-69-7978-01A,edba8888-6d1b-43a7-988d-5df420922c80,Primary Tumor,TCGA-69-7978-01A-11R-2187-07,eecca6e2e475aab335bd7c365025ca0d0daa144b,,eligible,False
e37ffff5-f795-4ca9-b46b-f59344db48af,4a967e6f-d39a-4fe5-864b-a43e8184a852.rna_seq.augmented_star_gene_counts.tsv,23df6c2e935e17fc100e4aee7fcccb4b,4234038,TCGA-49-AAR2,TCGA-49-AAR2-01A,c78b35b2-7299-4fd3-88df-a40b087455e0,Primary Tumor,TCGA-49-AAR2-01A-11R-A39D-07,eecca6e2e475aab335bd7c365025ca0d0daa144b,,eligible,False
27450388-ffc7-4812-b5b4-9819b0a74a0b,7b07706f-a1b4-4f18-a276-0822b578cc40.rna_seq.augmented_star_gene_counts.tsv,0647cf8783a26fa5ca57eaaefedc2b3c,4226093,TCGA-50-5941,TCGA-50-5941-01A,91719392-76ce-479f-ba05-e43bf0201cc4,Primary Tumor,TCGA-50-5941-01A-11R-1755-07,eecca6e2e475aab335bd7c365025ca0d0daa144b,,eligible,False
951f2356-17f4-4f4f-a8ec-855c7e93dce1,7eab2708-6708-4f8e-b238-e06007754e7e.rna_seq.augmented_star_gene_counts.tsv,9837dd0bdde68bbcbf072e4cc44d3532,4254332,TCGA-49-4510,TCGA-49-4510-01A,9a479d32-13a4-46c2-b26d-34cb6051a891,Primary Tumor,TCGA-49-4510-01A-01R-1206-07,eecca6e2e475aab335bd7c365025ca0d0daa144b,,eligible,False
df03bdab-42a9-4467-a767-b584bb60e926,0a11e8dc-5d34-4fcb-b2dc-aa57b4e90fc9.rna_seq.augmented_star_gene_counts.tsv,e7d4985402dfcb4759d691ee846fb762,4236429,TCGA-78-7146,TCGA-78-7146-01A,98a8d751-4efd-442e-a242-0fe399c2586f,Primary Tumor,TCGA-78-7146-01A-11R-2039-07,eecca6e2e475aab335bd7c365025ca0d0daa144b,,eligible,False
db61f20e-e44a-4992-a9f6-b54fc2dedfb6,e789fc5c-1218-4f07-ba95-b54d8fb93e7b.rna_seq.augmented_star_gene_counts.tsv,f3b18a5a98c462c45eddbf72e1fad7d5,4213405,TCGA-50-5044,TCGA-50-5044-01A,b307dae9-2cc8-4afd-a268-84788309ac61,Primary Tumor,TCGA-50-5044-01A-21R-1858-07,eecca6e2e475aab335bd7c365025ca0d0daa144b,,eligible,False
5d65e761-0cb3-4e52-b14f-79be5850dba4,8f55fdd2-25cb-40dc-809e-2ddbdadd34c3.rna_seq.augmented_star_gene_counts.tsv,47308b789132644ae650f8677cc4642f,4251316,TCGA-44-3398,TCGA-44-3398-11B,90dd1872-3a13-4dd9-b470-962a22663e8d,Solid Tissue Normal,TCGA-44-3398-11B-01R-1758-07,eecca6e2e475aab335bd7c365025ca0d0daa144b,,eligible,True
b5c6258a-8591-4f96-81d5-8ecc931b57a8,e5ff9d44-3193-4baa-bf04-c86563d3c9a9.rna_seq.augmented_star_gene_counts.tsv,81c9992f5c63a9f8ce3fd3143e3c6939,4234192,TCGA-55-8619,TCGA-55-8619-01A,0deed408-8acb-43ce-84a3-143aabd23312,Primary Tumor,TCGA-55-8619-01A-11R-2403-07,eecca6e2e475aab335bd7c365025ca0d0daa144b,Prior malignancy; Synchronous malignancy,eligible,False
dc8e99bb-f021-44e4-8c60-213405ee156a,325c7d6b-292d-46e5-85d1-785ae8a48c33.rna_seq.augmented_star_gene_counts.tsv,357e533a6bec9fcad430e9553c28a732,4252913,TCGA-44-2659,TCGA-44-2659-01A,42208ba8-f465-4d62-9ed9-5dbfaa525913,Primary Tumor,TCGA-44-2659-01A-01R-0946-07,eecca6e2e475aab335bd7c365025ca0d0daa144b,,eligible,False
0d1f21df-73b3-4dd0-9ad4-fd5c7a5d2424,bcc5593d-3d16-4d6f-a1b9-854423ede69e.rna_seq.augmented_star_gene_counts.tsv,58c0c093e2489d1598139c59221e27f5,4228987,TCGA-49-6742,TCGA-49-6742-11A,d9548fe4-5631-473a-82cd-1b089b638963,Solid Tissue Normal,TCGA-49-6742-11A-01R-1858-07,eecca6e2e475aab335bd7c365025ca0d0daa144b,Prior malignancy,eligible,True
d2000aa0-a3c5-4155-8995-80ec5f4436e2,020a2284-03f3-4439-89bb-2292ebc3ecd2.rna_seq.augmented_star_gene_counts.tsv,cf29acfeda74cebe6a90cfb1437efcab,4246603,TCGA-95-7562,TCGA-95-7562-01A,91d58448-b712-4626-82c6-a451fddf277d,Primary Tumor,TCGA-95-7562-01A-11R-2241-07,eecca6e2e475aab335bd7c365025ca0d0daa144b,History of acceptable prior treatment related to a prior/other malignancy; Prior malignancy,eligible,False
7181e057-0ec7-410b-b0fe-ff8de3d14d98,d1b10396-1656-4963-8fd0-7d7368c24dd2.rna_seq.augmented_star_gene_counts.tsv,cbdf59033666adb0a79bee58b2bd3809,4259835,TCGA-73-7498,TCGA-73-7498-01A,05c6aeef-ef6a-4176-b283-68def74d13ae,Primary Tumor,TCGA-73-7498-01A-12R-2187-07,eecca6e2e475aab335bd7c365025ca0d0daa144b,Synchronous malignancy,eligible,False
69e97c5b-4c8a-4710-a0f6-48ebfd917f5a,af276b15-2dc4-4724-bbf5-1be8224b7f73.rna_seq.augmented_star_gene_counts.tsv,a52ccf5219e9acd92ddebf65affe68e2,4214387,TCGA-55-7724,TCGA-55-7724-01A,4a42220d-afcf-4cda-b030-f84cddd61e66,Primary Tumor,TCGA-55-7724-01A-11R-2170-07,eecca6e2e475aab335bd7c365025ca0d0daa144b,Prior malignancy,eligible,False
9dffc7c0-da78-48a9-b438-a4886a45048e,52b34ef3-a814-4aa9-a395-6beea6a71f11.rna_seq.augmented_star_gene_counts.tsv,ef3ff1b0c15f22c4187e34058739096c,4229534,TCGA-05-4405,TCGA-05-4405-01A,9ce83cc4-7b9b-4ce7-98f5-5ce8a8d70902,Primary Tumor,TCGA-05-4405-01A-21R-1858-07,eecca6e2e475aab335bd7c365025ca0d0daa144b,Prior malignancy,eligible,False
f2d6b758-501e-447a-a3d0-f899e532ac84,430458f1-86d8-4ec8-a8fe-6a58ac832bdd.rna_seq.augmented_star_gene_counts.tsv,df0dd387c7cc0c8894c084cc850ad780,4267420,TCGA-05-4382,TCGA-05-4382-01A,cce6d71f-369e-467f-bd7e-03d20e97b7f3,Primary Tumor,TCGA-05-4382-01A-01R-1206-07,eecca6e2e475aab335bd7c365025ca0d0daa144b,Prior malignancy,eligible,False
ace52699-f049-4a11-ab3d-ce3719c62e41,0e3e11b9-9f43-4a0d-8665-023fae9f8b00.rna_seq.augmented_star_gene_counts.tsv,7edb44b06da1d77cd7dde2a9eece24a8,4223025,TCGA-38-6178,TCGA-38-6178-01A,81fb5fa9-d901-4faa-b909-376b8676d2bc,Primary Tumor,TCGA-38-6178-01A-11R-1755-07,eecca6e2e475aab335bd7c365025ca0d0daa144b,Prior malignancy,eligible,False
c69e8ef1-57a7-439a-9b05-66f14b019322,be547f27-5157-4947-ad2a-c9d006dedabd.rna_seq.augmented_star_gene_counts.tsv,716af72b7c7e06d22067f087ffe74a60,4258521,TCGA-44-7670,TCGA-44-7670-01A,7f56df3f-b649-43d1-ab46-ad460233e46b,Primary Tumor,TCGA-44-7670-01A-11R-2066-07,eecca6e2e475aab335bd7c365025ca0d0daa144b,Prior malignancy,eligible,False
24fa0c9f-c679-486d-846a-66fbc8d30b0a,32248a54-89ad-43a3-aa20-1c1897cb0054.rna_seq.augmented_star_gene_counts.tsv,01bfbc4564724c456574a17a4da19615,4258725,TCGA-86-6851,TCGA-86-6851-01A,f8a79bdf-6b97-44be-9cf1-b51faeca5d63,Primary Tumor,TCGA-86-6851-01A-11R-1949-07,eecca6e2e475aab335bd7c365025ca0d0daa144b,,eligible,False
7c802f6c-03bd-4612-835f-c82f6b8f2137,9f938aa7-9fc1-4893-aee4-15ab668b9260.rna_seq.augmented_star_gene_counts.tsv,14aaa84fb2138c7d738d057b693f80a9,4250317,TCGA-55-8207,TCGA-55-8207-01A,11f47c9a-6435-47fb-ace2-74f29f5f3f01,Primary Tumor,TCGA-55-8207-01A-11R-2241-07,eecca6e2e475aab335bd7c365025ca0d0daa144b,Synchronous malignancy,eligible,False
269a7c8d-f4d6-4f1a-a85b-874934f214b9,75eaaf2c-7cd9-416d-88c0-7c5502db9ab5.rna_seq.augmented_star_gene_counts.tsv,2fd721554185bc4cff98277c0b4138a5,4216676,TCGA-67-3773,TCGA-67-3773-01A,e4cb66f4-e847-40bf-af14-20a3867a1c35,Primary Tumor,TCGA-67-3773-01A-01R-0946-07,eecca6e2e475aab335bd7c365025ca0d0daa144b,,eligible,False
4297f902-2495-48fb-af36-31e61f727215,d2bf5f92-08f4-492e-96c2-399262f96828.rna_seq.augmented_star_gene_counts.tsv,1cfbf6dd348981359811261b7ccf3ee0,4231510,TCGA-05-4427,TCGA-05-4427-01A,785b0c56-bed5-4d19-b7b3-d1a0ceb5d648,Primary Tumor,TCGA-05-4427-01A-21R-1858-07,eecca6e2e475aab335bd7c365025ca0d0daa144b,Prior malignancy,eligible,False
0869efb9-b167-45af-8b2c-67433e39baad,ef19e097-8ae9-4362-b77a-76d8f5399760.rna_seq.augmented_star_gene_counts.tsv,1362b5ced69dd2236a7d183880851851,4219837,TCGA-62-A46P,TCGA-62-A46P-01A,cef2c059-5564-4d16-b57f-4bf83e2eeb95,Primary Tumor,TCGA-62-A46P-01A-11R-A24H-07,eecca6e2e475aab335bd7c365025ca0d0daa144b,,eligible,False
0e6fc8f1-34ca-4f3b-9d71-5a867e5efb07,4b6c958a-7e20-4b88-b30a-2406b123c8c1.rna_seq.augmented_star_gene_counts.tsv,022f28a4f04b559648f8f5f06bc13c55,4254329,TCGA-97-8177,TCGA-97-8177-01A,5711ce53-0bac-4a5d-b7ba-4e1bc0c56924,Primary Tumor,TCGA-97-8177-01A-11R-2287-07,eecca6e2e475aab335bd7c365025ca0d0daa144b,,eligible,False
4c2a4d47-67dd-4c12-8f3b-1c55eb6fd00e,c6bf25d8-abea-411f-bb80-6e6fefb82757.rna_seq.augmented_star_gene_counts.tsv,f895fefd4930b04b87c8e4ea8b1c598a,4233205,TCGA-55-8615,TCGA-55-8615-01A,7873c1a9-b1ea-46cc-b787-dfbad3366494,Primary Tumor,TCGA-55-8615-01A-11R-2403-07,eecca6e2e475aab335bd7c365025ca0d0daa144b,,eligible,False
cb59cd67-2756-45e1-80c7-67ad6d6823d4,d0966b4b-6c70-41f6-a220-4bf8be955366.rna_seq.augmented_star_gene_counts.tsv,c0aee93101616db06b16450401fb1616,4261106,TCGA-86-7954,TCGA-86-7954-01A,e63d9a32-593f-46e7-9d3b-866435cab585,Primary Tumor,TCGA-86-7954-01A-11R-2187-07,eecca6e2e475aab335bd7c365025ca0d0daa144b,,eligible,False
bae11f13-84a4-4fe3-b9e4-9d48b74896af,da046621-2982-42dc-b54d-6c875ecb5368.rna_seq.augmented_star_gene_counts.tsv,88a3c28c7d2701a31a9ae9f802e569d0,4244861,TCGA-55-A48Z,TCGA-55-A48Z-01A,24057913-52eb-4f50-a501-c11003b2356a,Primary Tumor,TCGA-55-A48Z-01A-12R-A24X-07,eecca6e2e475aab335bd7c365025ca0d0daa144b,,eligible,False
36e8195f-72b1-4d87-9be5-a487689aba5e,772dcecf-b53d-42e2-8161-f48030150aa0.rna_seq.augmented_star_gene_counts.tsv,affdba1a9df80361e58c50109bbc81d0,4227299,TCGA-50-5944,TCGA-50-5944-01A,bf8fdf82-62b4-4b5d-93e7-ce153576fe49,Primary Tumor,TCGA-50-5944-01A-11R-1755-07,eecca6e2e475aab335bd7c365025ca0d0daa144b,,eligible,False
505bfb1f-dc96-4f7e-ba2c-8e20eb0e1f6c,8b3aec43-4c75-4598-bf0a-168f7ffb9f3b.rna_seq.augmented_star_gene_counts.tsv,b2f63e2077860a37964300344dd3d23c,4220006,TCGA-64-1680,TCGA-64-1680-01A,0bdbe623-cf95-465a-917d-87dfb6a8618e,Primary Tumor,TCGA-64-1680-01A-02R-0946-07,eecca6e2e475aab335bd7c365025ca0d0daa144b,,eligible,False
e6e83fd4-2f80-44e1-8dce-588a37308dbb,f4a76e18-60fa-4ef2-91ef-e2d7a1d11c8d.rna_seq.augmented_star_gene_counts.tsv,879ab4cc557ac5dd3991ea3afe0a788b,4244009,TCGA-38-4626,TCGA-38-4626-11A,84997fe4-69b9-41d5-9a71-a8147cf08a2e,Solid Tissue Normal,TCGA-38-4626-11A-01R-1758-07,eecca6e2e475aab335bd7c365025ca0d0daa144b,,eligible,True
5dd8168d-fe35-4a32-8520-1deaef953b10,53244201-6282-42ea-9da4-31524ca39bf8.rna_seq.augmented_star_gene_counts.tsv,25e705bada4449307884203cd694067f,4254633,TCGA-86-8279,TCGA-86-8279-01A,37901d81-dc2a-4f55-b6c5-f117274d50b8,Primary Tumor,TCGA-86-8279-01A-11R-2287-07,eecca6e2e475aab335bd7c365025ca0d0daa144b,,eligible,False
7cb19688-bac4-41bf-b69e-977ac0da0aa1,aeea81c2-afda-410d-a0bb-955e7cddda09.rna_seq.augmented_star_gene_counts.tsv,627ad43fa8fa858f2eb4cb406d19f0fe,4240623,TCGA-38-A44F,TCGA-38-A44F-01A,45c17476-0525-46d2-8448-48d4de6713f1,Primary Tumor,TCGA-38-A44F-01A-11R-A24H-07,eecca6e2e475aab335bd7c365025ca0d0daa144b,,eligible,False
ef2621f5-ec61-42ee-879f-9d7615372a5e,73fc90cb-2b56-4a6b-8083-42f6647a2478.rna_seq.augmented_star_gene_counts.tsv,2c7c0763767cfe71f81fcd644e3f8c13,4248351,TCGA-75-6214,TCGA-75-6214-01A,7dceaead-79bb-4e91-a724-f0fae56442ce,Primary Tumor,TCGA-75-6214-01A-41R-1949-07,eecca6e2e475aab335bd7c365025ca0d0daa144b,,eligible,False
06d5f913-5f62-4200-8a51-26c8fa2052b4,aae80a97-730b-4180-93de-56ddbb262419.rna_seq.augmented_star_gene_counts.tsv,51b320794dc34b908d9107b6209509b5,4252345,TCGA-05-4430,TCGA-05-4430-01A,122aaa4f-8fd5-4c41-bff8-8a45bdfb3f81,Primary Tumor,TCGA-05-4430-01A-02R-1206-07,eecca6e2e475aab335bd7c365025ca0d0daa144b,,eligible,False
ef337612-6a73-4c29-a8b0-85557cbeaff4,e0e055b6-6800-40e7-bde5-718823408f0c.rna_seq.augmented_star_gene_counts.tsv,2e1f64aaf757b8f55ee8a3fa59db18d0,4252251,TCGA-05-4244,TCGA-05-4244-01A,bac0b02d-ac3b-4784-b8bf-180eadd548a3,Primary Tumor,TCGA-05-4244-01A-01R-1107-07,eecca6e2e475aab335bd7c365025ca0d0daa144b,,eligible,False
aca8bace-37c5-4ec0-958c-13907ae97d1f,48fdafbf-3f8b-46ba-8aa9-f081f0b54739.rna_seq.augmented_star_gene_counts.tsv,a67d594583737083eb37c6b466257c7a,4255640,TCGA-55-A57B,TCGA-55-A57B-01A,0ecbd044-0689-4395-a3d6-fb0d46fcf226,Primary Tumor,TCGA-55-A57B-01A-12R-A39D-07,eecca6e2e475aab335bd7c365025ca0d0daa144b,,eligible,False
94913b2f-256e-4487-90ed-2c9b3869ca6b,bbb551fa-5173-4987-8de4-d596bf56897a.rna_seq.augmented_star_gene_counts.tsv,5a404d0de037becd9d1254a360b4942f,4217436,TCGA-50-5930,TCGA-50-5930-11A,4cddb392-fc4b-4400-a44f-2e92a78b3e97,Solid Tissue Normal,TCGA-50-5930-11A-01R-1755-07,eecca6e2e475aab335bd7c365025ca0d0daa144b,,eligible,True
7a176670-7636-4329-951b-c118b816cfca,9ce317be-70dc-4dd2-86b5-e6f79be6f10b.rna_seq.augmented_star_gene_counts.tsv,b67abf0b1d828c1958c03adcec5584fc,4241397,TCGA-O1-A52J,TCGA-O1-A52J-01A,cf14428a-1964-4f11-aa9a-d60c6631c2c6,Primary Tumor,TCGA-O1-A52J-01A-11R-A262-07,eecca6e2e475aab335bd7c365025ca0d0daa144b,,eligible,False
40e350a6-fda3-43ff-9405-bda7a7c534ae,d7c787e0-6416-4724-8954-85467906f90d.rna_seq.augmented_star_gene_counts.tsv,07bcf9b9b19f06f02ae924c400f37152,4224067,TCGA-55-6642,TCGA-55-6642-01A,08d8f333-08f9-4268-99b7-61f7b057f542,Primary Tumor,TCGA-55-6642-01A-11R-1858-07,eecca6e2e475aab335bd7c365025ca0d0daa144b,,eligible,False
c97d6c2a-9866-4893-8cff-ee747c4a4550,2f8abb88-ae9f-4315-bcad-4263862bd11b.rna_seq.augmented_star_gene_counts.tsv,50284d5270fbfe9576deaaedefa3337f,4231897,TCGA-78-8660,TCGA-78-8660-01A,597244d5-db58-435e-9ddb-98e0c2ec97fd,Primary Tumor,TCGA-78-8660-01A-11R-2403-07,eecca6e2e475aab335bd7c365025ca0d0daa144b,Prior malignancy,eligible,False
b7b898c7-f63f-43d3-864a-406e842db2fe,cbfa6fea-3a77-4d0f-ab15-12307d08055a.rna_seq.augmented_star_gene_counts.tsv,db065f4243af7c973f5fc4a53541a61d,4255579,TCGA-75-7027,TCGA-75-7027-01A,b24cfbec-f890-4685-9e7f-405da7eac9ad,Primary Tumor,TCGA-75-7027-01A-11R-1949-07,eecca6e2e475aab335bd7c365025ca0d0daa144b,,eligible,False
12f5eaa4-9f64-4465-bfa6-3d9307e9f980,2f966635-6a77-4205-9bab-df5940a973aa.rna_seq.augmented_star_gene_counts.tsv,914d8ad3782376433aefd88dc523a086,4218314,TCGA-91-8496,TCGA-91-8496-01A,8f55069f-2232-44b6-b9e8-7e12b3a268bd,Primary Tumor,TCGA-91-8496-01A-11R-2403-07,eecca6e2e475aab335bd7c365025ca0d0daa144b,,eligible,False
51ec5a15-11e8-435a-a3e0-2a99690309b9,7276835e-ce0e-4fc6-a329-27d936c136ba.rna_seq.augmented_star_gene_counts.tsv,8b759407788b4ee751e262bda55b4ef3,4230705,TCGA-55-8094,TCGA-55-8094-01A,09656581-db34-4e6e-afe0-80666eb5fba6,Primary Tumor,TCGA-55-8094-01A-11R-2241-07,eecca6e2e475aab335bd7c365025ca0d0daa144b,,eligible,False
36101746-9c10-478e-96fb-8b47d057a6d4,eaaacefc-a798-4b6e-8471-0fde96a80bb9.rna_seq.augmented_star_gene_counts.tsv,e442bf31d98890c4736b2d726f83931d,4236063,TCGA-69-7761,TCGA-69-7761-01A,c8c5aa67-c6b9-48ba-ace2-b040170d73fc,Primary Tumor,TCGA-69-7761-01A-11R-2170-07,eecca6e2e475aab335bd7c365025ca0d0daa144b,,eligible,False
5ef157e9-bb3d-4214-a946-f5bc2bbf74b6,6078603d-a4e2-4a1a-abca-01fb63106888.rna_seq.augmented_star_gene_counts.tsv,b7a089eaaae9f690fd24e0648cc96c56,4243528,TCGA-MN-A4N1,TCGA-MN-A4N1-01A,44d07be5-4621-41a2-a574-35122a3e5fbc,Primary Tumor,TCGA-MN-A4N1-01A-11R-A24X-07,eecca6e2e475aab335bd7c365025ca0d0daa144b,,eligible,False
ae037177-0902-4c94-8e3c-632e240d3945,b71b334c-768e-46f6-bc7e-c95a11f44f03.rna_seq.augmented_star_gene_counts.tsv,4d981ef035274014c4677af0dac9d911,4240764,TCGA-55-7903,TCGA-55-7903-01A,c7c2f2f3-d5f6-4fb8-b02a-79fa39a42756,Primary Tumor,TCGA-55-7903-01A-11R-2170-07,eecca6e2e475aab335bd7c365025ca0d0daa144b,,eligible,False
0c09a94d-8885-49fb-91c1-aa0ebf52386a,f57240f6-a5e4-4a9f-81d7-b59616d865dd.rna_seq.augmented_star_gene_counts.tsv,56de3d04eb108c90826420c173cf9e2b,4247849,TCGA-86-A4P7,TCGA-86-A4P7-01A,d5cb5845-eb00-422d-a3d1-d3061ba078d5,Primary Tumor,TCGA-86-A4P7-01A-11R-A24X-07,eecca6e2e475aab335bd7c365025ca0d0daa144b,,eligible,False
d52fa71c-9f59-407e-8481-d0ac47ba88b2,4933c476-e3f3-45b0-b158-dcbe0539644e.rna_seq.augmented_star_gene_counts.tsv,98591d77bf99c7e5109d1cca4b929839,4252077,TCGA-44-7660,TCGA-44-7660-01A,6c2f3100-7ed8-41dd-9f8f-98b8eb245c12,Primary Tumor,TCGA-44-7660-01A-11R-2066-07,eecca6e2e475aab335bd7c365025ca0d0daa144b,,eligible,False
987832ae-aab4-430f-abc1-8783736fbe69,ed0926c8-6642-4741-9de6-e04014ba0364.rna_seq.augmented_star_gene_counts.tsv,9256869621404e0b417a632ed53adbf2,4234546,TCGA-55-A491,TCGA-55-A491-01A,48257830-1c09-4bb6-b7a4-3dd3049a42f7,Primary Tumor,TCGA-55-A491-01A-11R-A24H-07,eecca6e2e475aab335bd7c365025ca0d0daa144b,,eligible,False
c48eecc3-0099-4dd4-b319-f13ad65bdc7e,888e2a67-2478-4680-9b48-163789783c7b.rna_seq.augmented_star_gene_counts.tsv,22efea641bb929646405bd8330896005,4223984,TCGA-49-6743,TCGA-49-6743-11A,4da6a729-3cae-47f9-8739-d4b614b8561d,Solid Tissue Normal,TCGA-49-6743-11A-01R-1858-07,eecca6e2e475aab335bd7c365025ca0d0daa144b,,eligible,True
4b98f37e-33fc-4bf0-b6cd-4c900bcc9d2a,925a2268-1a0a-402b-8bb1-e6fa32521afe.rna_seq.augmented_star_gene_counts.tsv,d0cb9fbf2c1f7bcd989ff9d52c6fecd6,4261607,TCGA-86-8278,TCGA-86-8278-01A,ccdde798-056a-4cc9-8aa8-63cf283691d9,Primary Tumor,TCGA-86-8278-01A-11R-2287-07,eecca6e2e475aab335bd7c365025ca0d0daa144b,,eligible,False
51847dea-489f-4df9-84f8-26a6f2579620,35a9d225-0988-4e31-9a39-d54f3a63bea8.rna_seq.augmented_star_gene_counts.tsv,53810a51254a1fa3ae413dc7f75c5e9a,4245328,TCGA-L9-A743,TCGA-L9-A743-01A,72218786-f74e-4746-9447-26ca882b83a5,Primary Tumor,TCGA-L9-A743-01A-43R-A39D-07,eecca6e2e475aab335bd7c365025ca0d0daa144b,,eligible,False
6feef177-114c-4285-b242-481fe0aea551,77322072-2a7f-49e6-a9d1-c521c25acd70.rna_seq.augmented_star_gene_counts.tsv,45b7be11c5973bc8825c17ba14a80053,4257905,TCGA-69-7980,TCGA-69-7980-01A,e54ef0f0-38a5-4226-9a6a-c76aa12de589,Primary Tumor,TCGA-69-7980-01A-11R-2187-07,eecca6e2e475aab335bd7c365025ca0d0daa144b,,eligible,False
c568fdc8-6942-44ff-a9d9-3f7a03fdc62a,367864dd-ccd2-473e-9661-6ff4342a4e64.rna_seq.augmented_star_gene_counts.tsv,a352405548831c550b90884f50402acc,4226419,TCGA-73-4658,TCGA-73-4658-01A,bfde37f2-ab6f-4426-a33d-ef9d21772f02,Primary Tumor,TCGA-73-4658-01A-01R-1755-07,eecca6e2e475aab335bd7c365025ca0d0daa144b,Prior malignancy,eligible,False
9db8b103-5f3a-439b-993c-14879744c30a,7f9b4506-b00b-4b6f-8469-d0e4a73df1d4.rna_seq.augmented_star_gene_counts.tsv,ce4a992807ad6e324027faca1177ba8d,4231950,TCGA-49-6745,TCGA-49-6745-01A,357f3efe-e2c9-432a-a2b6-75a5fdbae3be,Primary Tumor,TCGA-49-6745-01A-11R-1858-07,eecca6e2e475aab335bd7c365025ca0d0daa144b,Prior malignancy,eligible,True
24079217-3899-4843-81fc-638293771d93,c6bc9e5e-4116-4179-9a22-b75fc6bea73e.rna_seq.augmented_star_gene_counts.tsv,3194db55c64cfeb6c836ae2f85bf6e17,4226782,TCGA-49-6745,TCGA-49-6745-11A,36be2a07-e71c-4b12-83d8-506376da8f5e,Solid Tissue Normal,TCGA-49-6745-11A-01R-1858-07,eecca6e2e475aab335bd7c365025ca0d0daa144b,Prior malignancy,eligible,True
b9ac77d6-9a1b-443d-8ef5-e8ef2e3008dd,6f6bf240-1ca4-47d0-9a77-17b0ce9b8ae7.rna_seq.augmented_star_gene_counts.tsv,11bcef36ba61bd2bf27d9c24b968c510,4264851,TCGA-55-1592,TCGA-55-1592-01A,e190a9e4-10ae-4060-a071-4b8b73479023,Primary Tumor,TCGA-55-1592-01A-01R-0946-07,eecca6e2e475aab335bd7c365025ca0d0daa144b,Prior malignancy,eligible,False
75473987-65e2-43eb-a5bb-04cb7a40c902,06f0836c-ae3f-4c83-bb20-a5a74796bb11.rna_seq.augmented_star_gene_counts.tsv,02dd7eb9326dbd731ea318462dea4d65,4220778,TCGA-50-5932,TCGA-50-5932-11A,0e7847d9-d1d0-4980-8f44-c428f36b83f0,Solid Tissue Normal,TCGA-50-5932-11A-01R-1755-07,eecca6e2e475aab335bd7c365025ca0d0daa144b,Prior malignancy,eligible,True
dd6ec250-8d4d-4129-9664-7451c1760f4b,34774d7b-1184-4b5f-b6a9-e16c428ca7ce.rna_seq.augmented_star_gene_counts.tsv,8505bede89020ffab8d5e66975dec03a,4247563,TCGA-86-8076,TCGA-86-8076-01A,a06a952f-aaea-4471-8004-26108e382a9b,Primary Tumor,TCGA-86-8076-01A-31R-2241-07,eecca6e2e475aab335bd7c365025ca0d0daa144b,History of acceptable prior treatment related to a prior/other malignancy,eligible,False
41f852c7-01e8-46b3-8082-da2e00a4ef9d,673621c0-f5d4-4eea-a0ae-469214a70e82.rna_seq.augmented_star_gene_counts.tsv,24b4a006e54a552465c6e84865eefd9b,4234798,TCGA-78-7166,TCGA-78-7166-01A,7ec420fc-c770-4cb8-a186-8ce94f791444,Primary Tumor,TCGA-78-7166-01A-12R-2066-07,eecca6e2e475aab335bd7c365025ca0d0daa144b,Prior malignancy,eligible,False
e6b0ab3e-2b95-4803-91f8-cfa385fe0386,921aa14f-d674-4ecf-b4fd-ca846acc9fa3.rna_seq.augmented_star_gene_counts.tsv,66d353dfbf558ff92bdf9613201a1dc2,4231722,TCGA-55-1596,TCGA-55-1596-01A,9a7a1b22-9df6-438f-ad00-54755c7dbc7c,Primary Tumor,TCGA-55-1596-01A-01R-0946-07,eecca6e2e475aab335bd7c365025ca0d0daa144b,,eligible,False
ac9d6b6d-37e9-44ca-9f70-0e6351c39341,2f00871b-1c4a-4fe9-94f6-42493fd95841.rna_seq.augmented_star_gene_counts.tsv,0c72a81086b0947e78e52aa3804c42d8,4221147,TCGA-80-5607,TCGA-80-5607-01A,4736860e-fd90-40d1-815e-e1d164123dd8,Primary Tumor,TCGA-80-5607-01A-31R-1949-07,eecca6e2e475aab335bd7c365025ca0d0daa144b,Prior malignancy,eligible,False
e1a4e922-876b-45d1-8fb6-5d39dbf6ff60,3dbeacde-e4f1-443a-b34e-28c44acce88c.rna_seq.augmented_star_gene_counts.tsv,e069caf93d5dde80a1a6c3419e4c93fa,4221708,TCGA-91-6836,TCGA-91-6836-11A,baa41644-5248-4838-acc4-56d35c7a88ae,Solid Tissue Normal,TCGA-91-6836-11A-01R-1858-07,eecca6e2e475aab335bd7c365025ca0d0daa144b,Synchronous malignancy,eligible,True
e7ae9253-4c2d-41bd-9d3a-c37e9841f479,186b7ed8-cc25-45b6-bf7d-25d7a3a2154a.rna_seq.augmented_star_gene_counts.tsv,1a88bab62fc5a34f5481e2ae15839071,4233633,TCGA-91-6836,TCGA-91-6836-01A,49a0ab8a-f379-4394-accf-0b4b08d2dcc6,Primary Tumor,TCGA-91-6836-01A-21R-1858-07,eecca6e2e475aab335bd7c365025ca0d0daa144b,Synchronous malignancy,eligible,True
67543f50-3821-4723-842d-3924b9a32142,1da64d9f-f5dd-4017-bf82-d1a61512b56b.rna_seq.augmented_star_gene_counts.tsv,0a7a8cd5f1ff8bb03146c36f27b55c39,4217045,TCGA-67-3770,TCGA-67-3770-01A,74bcf2d5-fd42-423e-bd96-b2de1b0cf778,Primary Tumor,TCGA-67-3770-01A-01R-0946-07,eecca6e2e475aab335bd7c365025ca0d0daa144b,,eligible,False
25f44be3-2e4f-4121-ac23-21bd3866dbce,e62d96e9-3e79-4eef-9e5e-568a48dd737b.rna_seq.augmented_star_gene_counts.tsv,3060c8a23e9334d28c758f13f50b9c5c,4272092,TCGA-05-4434,TCGA-05-4434-01A,7a03048b-58b6-4cae-b143-81c0a4977ac6,Primary Tumor,TCGA-05-4434-01A-01R-1206-07,eecca6e2e475aab335bd7c365025ca0d0daa144b,Prior malignancy,eligible,False
ad6ae9d2-c6f5-4686-9b3c-45ea130493f3,2fde57cd-97d2-492d-b37d-a4e2d43239cf.rna_seq.augmented_star_gene_counts.tsv,526f83fd0fa0a2130fd04c8103af23f5,4223654,TCGA-55-6986,TCGA-55-6986-01A,9622c370-68d0-48da-a7e0-5eb4765b6f27,Primary Tumor,TCGA-55-6986-01A-11R-1949-07,eecca6e2e475aab335bd7c365025ca0d0daa144b,,eligible,True
d3d249ab-0483-4e9c-99f3-07afb5b6dabc,73babed8-f934-42c7-9020-30f7c3e1766d.rna_seq.augmented_star_gene_counts.tsv,4239402935c3e36a01b087de299eccb3,4229288,TCGA-50-5935,TCGA-50-5935-01A,98687adb-f8e9-4e6e-bc1b-396a3ddfac96,Primary Tumor,TCGA-50-5935-01A-11R-1755-07,eecca6e2e475aab335bd7c365025ca0d0daa144b,Prior malignancy,eligible,True
929473bf-434c-438e-b16c-c34bfb0b98ea,cbf298e2-94bb-48c9-ae07-408081055497.rna_seq.augmented_star_gene_counts.tsv,3a173e4bcea95466609b76c19454dc83,4225602,TCGA-50-5051,TCGA-50-5051-01A,180eb213-0ddc-4f10-ab0e-b3af92cde3c3,Primary Tumor,TCGA-50-5051-01A-21R-1858-07,eecca6e2e475aab335bd7c365025ca0d0daa144b,,eligible,False
458042ad-bec8-4433-80da-70f517a440f7,25a6fe1b-0472-489f-a721-f596395badb1.rna_seq.augmented_star_gene_counts.tsv,bbedd91fbaa3ea10504bcfe4ae3b89dc,4255526,TCGA-55-7576,TCGA-55-7576-01A,2b2bc6f3-088e-4a84-afb3-182a4acb0652,Primary Tumor,TCGA-55-7576-01A-11R-2066-07,eecca6e2e475aab335bd7c365025ca0d0daa144b,,eligible,False
2e0c7cfb-2794-4c86-b43e-8215c39186d8,882d1be3-1f82-41e7-8538-1ef513efef32.rna_seq.augmented_star_gene_counts.tsv,35491666b4f49853c1524df9a52c2418,4264467,TCGA-05-4402,TCGA-05-4402-01A,07c1fce4-ec48-47a4-8391-e553936b67f2,Primary Tumor,TCGA-05-4402-01A-01R-1206-07,eecca6e2e475aab335bd7c365025ca0d0daa144b,Prior malignancy,eligible,False
2e2eb2df-d002-49ac-86e7-5ed33e9eabf3,131c0149-e810-4004-97e0-6c8a4aa9049d.rna_seq.augmented_star_gene_counts.tsv,c9ad67e843621907d9ad9c8db7cebbc7,4244383,TCGA-97-8179,TCGA-97-8179-01A,7e66ee53-b64f-452e-aeb2-00f97813c126,Primary Tumor,TCGA-97-8179-01A-11R-2287-07,eecca6e2e475aab335bd7c365025ca0d0daa144b,,eligible,False
23ab7447-ba7a-4947-bacf-2c0b209b38cf,e89ecf81-4892-48c8-be13-926f92d5ec97.rna_seq.augmented_star_gene_counts.tsv,0ed3b7ac747cca1ba51081f22c1cf742,4231458,TCGA-44-5644,TCGA-44-5644-01A,597d38ff-839c-4fe3-b889-efd0f680b715,Primary Tumor,TCGA-44-5644-01A-21R-2039-07,eecca6e2e475aab335bd7c365025ca0d0daa144b,,eligible,False
1876b908-e911-464f-be23-2b4eae0a43b6,6efebff1-f165-415e-9001-45a782638785.rna_seq.augmented_star_gene_counts.tsv,69ab93a934179bda2077ed5915cc637a,4237227,TCGA-49-6744,TCGA-49-6744-01A,a9d69d7e-298c-4ab6-b64f-1edc58832ccd,Primary Tumor,TCGA-49-6744-01A-11R-1858-07,eecca6e2e475aab335bd7c365025ca0d0daa144b,,eligible,True
9c7f6057-8225-4447-adb3-aed12aa974ad,b277d25a-5485-465a-bef3-db30dc75caa8.rna_seq.augmented_star_gene_counts.tsv,a12b713fdbbf346ace023d9ebfc97782,4227744,TCGA-49-6744,TCGA-49-6744-11A,e3962e0e-eafa-4016-8fa4-1c4ba0d2a9ad,Solid Tissue Normal,TCGA-49-6744-11A-01R-1858-07,eecca6e2e475aab335bd7c365025ca0d0daa144b,,eligible,True
f93cc1fb-b3d9-4b1e-94bf-54e40b505b34,bcb20e91-2931-4694-8268-686aee414fe7.rna_seq.augmented_star_gene_counts.tsv,6fc380e66aa8f4c63c400d4c8438214e,4233688,TCGA-75-5125,TCGA-75-5125-01A,73a77977-fab0-486f-8d15-be8b30c8808a,Primary Tumor,TCGA-75-5125-01A-01R-1755-07,eecca6e2e475aab335bd7c365025ca0d0daa144b,,eligible,False
6bec00ac-81d0-4f29-bb4d-99102992914c,0326e97a-2ec7-4038-98f3-03d94962d869.rna_seq.augmented_star_gene_counts.tsv,a733db7feddb683bbf4ce002ae40c570,4241905,TCGA-97-7546,TCGA-97-7546-01A,60d4bb1a-a25f-485e-8247-1ea42220015a,Primary Tumor,TCGA-97-7546-01A-11R-2039-07,eecca6e2e475aab335bd7c365025ca0d0daa144b,,eligible,False
eeacf4ac-09cf-41a8-8066-c38a173e61b4,73d96384-ebea-4467-8663-ada78336233c.rna_seq.augmented_star_gene_counts.tsv,2cc78fd591338744298101f62ddefcb9,4239848,TCGA-55-7911,TCGA-55-7911-01A,49cf5040-2d73-4538-8825-7fba37379289,Primary Tumor,TCGA-55-7911-01A-11R-2170-07,eecca6e2e475aab335bd7c365025ca0d0daa144b,,eligible,False
eac5ebd0-d788-4908-8eb7-976d6b611667,b8e8f06f-a5a9-4d16-b39f-585dcee31087.rna_seq.augmented_star_gene_counts.tsv,fe8bdb396de968ed406222a96e5f4e03,4258148,TCGA-44-2655,TCGA-44-2655-01A,9fcabda1-ea79-4188-8b3f-7d0fd060a819,Primary Tumor,TCGA-44-2655-01A-01R-0946-07,eecca6e2e475aab335bd7c365025ca0d0daa144b,,eligible,True
db07bd22-cf7a-4504-9491-1bdeb1e14339,c29e5bb3-860d-4f1f-b27d-ae5b9d8c4208.rna_seq.augmented_star_gene_counts.tsv,3510c07447e7c8b228629caf2f48e938,4228126,TCGA-44-5643,TCGA-44-5643-01A,ed5b47c1-569f-492b-8d6c-155e3ba79acb,Primary Tumor,TCGA-44-5643-01A-01R-1628-07,eecca6e2e475aab335bd7c365025ca0d0daa144b,,eligible,False
09f9f414-db5b-4b54-9e8e-234bf9d7c678,81a33f6c-0195-45c5-87e7-7748838d0a4e.rna_seq.augmented_star_gene_counts.tsv,fd359929e01900197b0e1d69a3a8e4ee,4229060,TCGA-69-7764,TCGA-69-7764-01A,d1194f81-3244-41e2-a4ab-5fa0485ec6aa,Primary Tumor,TCGA-69-7764-01A-11R-2170-07,eecca6e2e475aab335bd7c365025ca0d0daa144b,,eligible,False
8e14dba9-6132-483c-892b-b244704fdc38,9343d3bd-0f60-49c3-8625-31a8a7a846c4.rna_seq.augmented_star_gene_counts.tsv,ad64263c4428fbc208bb34e0a5d2e362,4245632,TCGA-91-6835,TCGA-91-6835-01A,efd3f14f-f785-4aec-9efd-6dd8e9c41eba,Primary Tumor,TCGA-91-6835-01A-11R-1858-07,eecca6e2e475aab335bd7c365025ca0d0daa144b,,eligible,True
0b73f593-b6e8-4897-9b9b-f09e65e436b7,30a6ea89-8eda-47cf-b336-e070fcd08740.rna_seq.augmented_star_gene_counts.tsv,9717e87c21db6d45d57d5a02aa5b6b2e,4230744,TCGA-NJ-A4YI,TCGA-NJ-A4YI-01A,e7ed1627-7ec0-48f5-983d-09b1241c28ec,Primary Tumor,TCGA-NJ-A4YI-01A-11R-A262-07,eecca6e2e475aab335bd7c365025ca0d0daa144b,,eligible,False
deb2d529-5ea7-4a41-be07-f9239d7ac759,5d081953-cf3a-40cb-95bf-f418ed3879ac.rna_seq.augmented_star_gene_counts.tsv,f51db06a247a24205c23debe748cf6e8,4234104,TCGA-S2-AA1A,TCGA-S2-AA1A-01A,a28cc4b4-4819-41ef-adf7-34ee50e29ba6,Primary Tumor,TCGA-S2-AA1A-01A-12R-A39D-07,eecca6e2e475aab335bd7c365025ca0d0daa144b,,eligible,False
de26de4a-c738-4a8b-a44a-0eab208c0db2,fb3e2838-b073-40c9-824f-3216f940a2c5.rna_seq.augmented_star_gene_counts.tsv,aa4c3f2f7f71e48e66bcb156dbb98a3b,4241952,TCGA-L4-A4E5,TCGA-L4-A4E5-01A,c12f1638-214d-40f8-a553-b616a52f6933,Primary Tumor,TCGA-L4-A4E5-01A-11R-A24X-07,eecca6e2e475aab335bd7c365025ca0d0daa144b,,eligible,False
5f4fa91b-489e-4ac9-b685-53952f77bd7a,0bb88c14-58c0-45d8-a8f3-f41840f62d37.rna_seq.augmented_star_gene_counts.tsv,610bf6cfc175ec826bc898feead50f01,4229070,TCGA-44-6777,TCGA-44-6777-01A,174e4405-4848-4e5e-93cc-0cdf2795c91a,Primary Tumor,TCGA-44-6777-01A-11R-1858-07,eecca6e2e475aab335bd7c365025ca0d0daa144b,,eligible,True
76cc364e-8214-4a17-8083-9ea80e74c400,918be5f7-a963-406f-8ce4-0a3e528998e5.rna_seq.augmented_star_gene_counts.tsv,532a71a067f0e4104b824a67c52d0839,4243235,TCGA-62-8398,TCGA-62-8398-01A,ec51c45a-d518-4333-bd7e-3ae606b40d01,Primary Tumor,TCGA-62-8398-01A-11R-2326-07,eecca6e2e475aab335bd7c365025ca0d0daa144b,,eligible,False
d4778869-f3f2-481b-ab02-65a654128766,11d52676-7017-48b4-872a-cefb91b8651c.rna_seq.augmented_star_gene_counts.tsv,e5993158892f7c670eda58c91e232d78,4251071,TCGA-44-2655,TCGA-44-2655-11A,298662ad-dbff-4344-9b80-d744c258c292,Solid Tissue Normal,TCGA-44-2655-11A-01R-1758-07,eecca6e2e475aab335bd7c365025ca0d0daa144b,,eligible,True
b06a3383-3a16-4f91-91c4-71cad60dae4b,897e33bc-3862-47bc-8277-a9b1b5371802.rna_seq.augmented_star_gene_counts.tsv,0ca130d5ecf485bfd517f70aa3326719,4245425,TCGA-55-A48X,TCGA-55-A48X-01A,9602a00c-a48d-455e-ab57-0e61414098fe,Primary Tumor,TCGA-55-A48X-01A-11R-A24H-07,eecca6e2e475aab335bd7c365025ca0d0daa144b,,eligible,False
d23c89e5-b295-40b7-a5e8-ee1d4a584dd4,dd6e2735-7d83-4bc4-87b3-05a5d7f08caa.rna_seq.augmented_star_gene_counts.tsv,4650e418a722ce83238d5beaa9809944,4231599,TCGA-71-8520,TCGA-71-8520-01A,fb9c6881-c503-45c8-b17a-b47a9e8d9003,Primary Tumor,TCGA-71-8520-01A-11R-2403-07,eecca6e2e475aab335bd7c365025ca0d0daa144b,,eligible,False
8a2d17e2-4ec1-42b6-8825-6d80ffe4b916,c55c7a04-580b-43e3-b138-f83bd3003875.rna_seq.augmented_star_gene_counts.tsv,3ae4db513b7145d279c112ff61e2b892,4246077,TCGA-97-7553,TCGA-97-7553-01A,d23900e0-0335-429c-b9b6-16fa06740f92,Primary Tumor,TCGA-97-7553-01A-21R-2039-07,eecca6e2e475aab335bd7c365025ca0d0daa144b,,eligible,False
d84121c5-5421-43a4-825a-40f357ecc97b,2b99d8d7-f329-4fe6-97b5-167953311755.rna_seq.augmented_star_gene_counts.tsv,c97bfcd9f0bf53810f280aa331cf062b,4239370,TCGA-95-A4VN,TCGA-95-A4VN-01A,3012b1da-0624-4538-8835-a701b0be5c66,Primary Tumor,TCGA-95-A4VN-01A-11R-A262-07,eecca6e2e475aab335bd7c365025ca0d0daa144b,,eligible,False
de38d138-723c-4256-98f4-2788f7cf1e87,98f4637a-4953-4f52-b90a-c768d005a3e7.rna_seq.augmented_star_gene_counts.tsv,23ea2782b589de813060a48515ca3d5a,4250139,TCGA-97-8171,TCGA-97-8171-01A,84cb5264-6158-40ec-8b65-f96a4a7d6ce4,Primary Tumor,TCGA-97-8171-01A-11R-2287-07,eecca6e2e475aab335bd7c365025ca0d0daa144b,,eligible,False
990303de-eff3-4418-b305-9bf63236826f,593623b6-0f7d-4089-8697-518c573c86c6.rna_seq.augmented_star_gene_counts.tsv,c916a952c9cf5f9fa90707190b35eaf3,4263480,TCGA-86-8056,TCGA-86-8056-01A,cf53a83e-bff6-4b6b-80aa-1847866fa09b,Primary Tumor,TCGA-86-8056-01A-11R-2241-07,eecca6e2e475aab335bd7c365025ca0d0daa144b,,eligible,False
47fc2fd2-84ce-49e2-8481-407d7a639042,ef11ddff-02bb-44e2-ab77-fadde20acd87.rna_seq.augmented_star_gene_counts.tsv,f374fb2cc687a42ba2c41ee20ceb0684,4232239,TCGA-55-7227,TCGA-55-7227-01A,65386909-c47a-486f-a8c8-fd9321d83de7,Primary Tumor,TCGA-55-7227-01A-11R-2039-07,eecca6e2e475aab335bd7c365025ca0d0daa144b,,eligible,False
9bd26335-dd71-4821-b7d1-a4e24430fbb3,841e54a1-9d65-4256-b70e-eb64659b40a4.rna_seq.augmented_star_gene_counts.tsv,7317608cc1ef3790db80ce5e07d4ca91,4229983,TCGA-L9-A444,TCGA-L9-A444-01A,452d513d-d9f8-40bf-a3a7-75453c875561,Primary Tumor,TCGA-L9-A444-01A-21R-A24H-07,eecca6e2e475aab335bd7c365025ca0d0daa144b,,eligible,False
65f85615-96a2-4b3c-ac05-ab67d0bf9e99,ff36264d-8485-46e6-8259-0b55f651ed8f.rna_seq.augmented_star_gene_counts.tsv,db2fbef479705f91deb9fbe10231bb1c,4234091,TCGA-91-8497,TCGA-91-8497-01A,81905199-81c6-4718-8bea-951bc6c810a1,Primary Tumor,TCGA-91-8497-01A-11R-2403-07,eecca6e2e475aab335bd7c365025ca0d0daa144b,,eligible,False
215f38d1-a17c-4189-97f6-ae20361b0f3f,fdd9f9f1-8b02-4b83-a8f6-f28f968bdf54.rna_seq.augmented_star_gene_counts.tsv,84f21fd3f40729b3bd1f00daca2e8074,4248206,TCGA-55-7816,TCGA-55-7816-01A,16094f17-9587-435b-ba5c-7f568b5dab56,Primary Tumor,TCGA-55-7816-01A-11R-2170-07,eecca6e2e475aab335bd7c365025ca0d0daa144b,,eligible,False
26c96b62-02b6-4108-9a2d-bec3d880db2a,b573a788-d117-48b0-9cab-c4ecbde82706.rna_seq.augmented_star_gene_counts.tsv,660142b9835fcffcba5185caba0fb9c0,4254025,TCGA-55-6983,TCGA-55-6983-01A,168a4a36-b73d-4c17-aaa4-1e4824a155c2,Primary Tumor,TCGA-55-6983-01A-11R-1949-07,eecca6e2e475aab335bd7c365025ca0d0daa144b,,eligible,True
1120d776-47df-4f72-862e-427d3c44dd43,ec99ae0d-704e-481d-bc90-7b553075a845.rna_seq.augmented_star_gene_counts.tsv,62306b327ba0a501e400fd14bf90b357,4241608,TCGA-53-7624,TCGA-53-7624-01A,61358ba0-7194-40f5-b239-2ed06cbaf546,Primary Tumor,TCGA-53-7624-01A-11R-2066-07,eecca6e2e475aab335bd7c365025ca0d0daa144b,,eligible,False
a9e3a464-50ea-49a0-9482-1513ed167bf4,6804af50-1b4f-4872-83b8-bae24d398cb4.rna_seq.augmented_star_gene_counts.tsv,f0bb3bbc9da88c260eb3355dc9e69d29,4251798,TCGA-L9-A7SV,TCGA-L9-A7SV-01A,b8f9acbf-0e4b-4967-a11b-7234b6cf83e0,Primary Tumor,TCGA-L9-A7SV-01A-11R-A39D-07,eecca6e2e475aab335bd7c365025ca0d0daa144b,,eligible,False
c5a1245e-f3c5-4f42-afd6-9b12f01a6445,facd5609-e5f0-4993-bd84-049447d60d32.rna_seq.augmented_star_gene_counts.tsv,e70ea75b06ab27626863f5d4936813cf,4236370,TCGA-44-6778,TCGA-44-6778-01A,15321297-7110-4e79-8d6f-94c95bc83c94,Primary Tumor,TCGA-44-6778-01A-11R-1858-07,eecca6e2e475aab335bd7c365025ca0d0daa144b,,eligible,True
576ad342-ce70-4c3c-b69d-8f1f5c4cd358,ee14c1ac-fa18-4be1-b836-a1274abafe28.rna_seq.augmented_star_gene_counts.tsv,03f28bf9185dd87e30a53a43b1d55010,4234774,TCGA-75-6207,TCGA-75-6207-01A,323d4a3b-38d8-4428-9135-437a839dc8e4,Primary Tumor,TCGA-75-6207-01A-11R-1755-07,eecca6e2e475aab335bd7c365025ca0d0daa144b,,eligible,False
48d5fe32-37ca-4717-af64-1343a3561849,04ce9fac-b5f3-4830-935e-9d6ea74ee915.rna_seq.augmented_star_gene_counts.tsv,f414598e7397e797f9126497ee198b53,4257770,TCGA-MP-A4T6,TCGA-MP-A4T6-01A,5a8b5291-c9c2-48a8-9d01-66b150a71eb7,Primary Tumor,TCGA-MP-A4T6-01A-32R-A262-07,eecca6e2e475aab335bd7c365025ca0d0daa144b,,eligible,False
cc481383-4ebf-410c-8dd7-ef0b117bd035,c2c5b3f8-abe2-4112-9ddd-70056f268137.rna_seq.augmented_star_gene_counts.tsv,97dccb66156f524188e123e11e212ea0,4245451,TCGA-62-8399,TCGA-62-8399-01A,3c17efb2-ed6c-4c73-800c-a5d896d80372,Primary Tumor,TCGA-62-8399-01A-21R-2326-07,eecca6e2e475aab335bd7c365025ca0d0daa144b,,eligible,False
74b6cce1-6a5b-4f86-8f41-d842106bfe8f,e48cabb8-73cd-4d42-81b0-f9ab7bebecc1.rna_seq.augmented_star_gene_counts.tsv,10a399584f292e29af3b0fce35b88872,4250320,TCGA-55-8085,TCGA-55-8085-01A,a527b0d5-599a-4ec6-9eca-bae98872f440,Primary Tumor,TCGA-55-8085-01A-11R-2241-07,eecca6e2e475aab335bd7c365025ca0d0daa144b,,eligible,False
eac45bfd-6795-47a4-8d6b-5a7c8bc76cd1,a3069465-cb5b-43ef-aad9-73af4534b795.rna_seq.augmented_star_gene_counts.tsv,21ae68bb070b35994feb3a04b3b58747,4223174,TCGA-49-4490,TCGA-49-4490-11A,e350aefe-7984-477b-988e-e82fdc941dcd,Solid Tissue Normal,TCGA-49-4490-11A-01R-1858-07,eecca6e2e475aab335bd7c365025ca0d0daa144b,,eligible,True
5a7bd024-3d92-4e64-86bd-b6eea34f6526,e9f19ff2-29c5-4578-9c23-9d58c192ff59.rna_seq.augmented_star_gene_counts.tsv,51f8dffbecf75b35908f5483dfe3d7e5,4237587,TCGA-35-4123,TCGA-35-4123-01A,3af63e86-157b-408c-9527-58a45107ddd2,Primary Tumor,TCGA-35-4123-01A-01R-1107-07,eecca6e2e475aab335bd7c365025ca0d0daa144b,,eligible,False
1c5de7db-7e05-4289-ace6-b59b6e2392e7,e0e9a0df-7052-4d42-b3fd-10ee23ceae62.rna_seq.augmented_star_gene_counts.tsv,d1837ef5ddfec327343cc413cc69aa86,4248454,TCGA-86-A4P8,TCGA-86-A4P8-01A,ca71bc74-8511-48b2-a84f-6dbbd01aefc3,Primary Tumor,TCGA-86-A4P8-01A-11R-A24X-07,eecca6e2e475aab335bd7c365025ca0d0daa144b,,eligible,False
e6543906-a4e3-447c-8040-310979304204,2aef96ea-5379-4066-8df1-66218ab77425.rna_seq.augmented_star_gene_counts.tsv,c5a6fc54454e07b4b6cf4cc57fdd19c2,4251753,TCGA-44-8117,TCGA-44-8117-01A,d84e1b10-b7c6-4916-afbc-b311d2ccf19d,Primary Tumor,TCGA-44-8117-01A-11R-2241-07,eecca6e2e475aab335bd7c365025ca0d0daa144b,,eligible,False
69a379e5-c8ba-43ed-b267-bad111c851fb,929a50ee-02a9-44f5-8078-e4020a89263f.rna_seq.augmented_star_gene_counts.tsv,4d87adab0256e62652f56526c1741c66,4249251,TCGA-55-7994,TCGA-55-7994-01A,c8aa8a2e-e681-4a82-9320-f35f67650581,Primary Tumor,TCGA-55-7994-01A-11R-2187-07,eecca6e2e475aab335bd7c365025ca0d0daa144b,,eligible,False
38cc1ced-6874-4aed-ab73-8c6344564cd6,d0f1d923-1014-4a12-824b-9939fd75f9b1.rna_seq.augmented_star_gene_counts.tsv,2989a65bbd9f6f15884be052ebdbf828,4224864,TCGA-49-6767,TCGA-49-6767-01A,708a8742-f6d6-411d-9340-2c6c25885d22,Primary Tumor,TCGA-49-6767-01A-11R-1858-07,eecca6e2e475aab335bd7c365025ca0d0daa144b,,eligible,False
2bbe47a1-f055-43e7-94d3-06aafb5af6e8,4f8b284e-7e42-45c5-b7cc-57cc678ec3df.rna_seq.augmented_star_gene_counts.tsv,ff5dd71ceb95be5107ecbf1b2ef3f202,4240703,TCGA-44-A47A,TCGA-44-A47A-01A,ba172f1c-7e94-41e6-8078-41079b8eeee8,Primary Tumor,TCGA-44-A47A-01A-21R-A24H-07,eecca6e2e475aab335bd7c365025ca0d0daa144b,,eligible,False
883bbed6-0216-48c2-9694-5dba83ce65c7,af407c3f-2dad-4fb9-850e-4a79b361589b.rna_seq.augmented_star_gene_counts.tsv,d19a4ab3b293c1bedf7ad79fd796dad1,4233751,TCGA-55-6968,TCGA-55-6968-01A,df25f146-a833-4bfd-adf7-b41b6a7f797e,Primary Tumor,TCGA-55-6968-01A-11R-1949-07,eecca6e2e475aab335bd7c365025ca0d0daa144b,,eligible,True
78d70b30-8812-4802-bca7-f1b8135b9cbd,db66be89-fb7c-41c3-9a0b-9beae75b7850.rna_seq.augmented_star_gene_counts.tsv,c23ae4717a1c8bfadf469112a0e6d2cc,4254576,TCGA-44-8120,TCGA-44-8120-01A,56703aef-270a-4537-b9a1-c9ebbe873411,Primary Tumor,TCGA-44-8120-01A-11R-2241-07,eecca6e2e475aab335bd7c365025ca0d0daa144b,,eligible,False
54a00dd0-503f-471f-88e4-8d6fcdcf8483,1b22e14e-321b-4609-9aa2-9df6285ca948.rna_seq.augmented_star_gene_counts.tsv,091f28766e1936f96945d867cdc1f4b9,4213927,TCGA-38-4632,TCGA-38-4632-11A,84f43782-7249-46c3-9241-51e8933fa720,Solid Tissue Normal,TCGA-38-4632-11A-01R-1755-07,eecca6e2e475aab335bd7c365025ca0d0daa144b,,eligible,True
4a5c811e-d5d9-48d7-9bcc-4c9dc72df8f4,3f79d678-e5d5-443e-a7df-187c2acd2b2c.rna_seq.augmented_star_gene_counts.tsv,7cc33c13fc325e3a285abb18745e5789,4242633,TCGA-44-6148,TCGA-44-6148-01A,c0fe5ffe-c0a3-4e62-aa55-2bc18788e505,Primary Tumor,TCGA-44-6148-01A-11R-1755-07,eecca6e2e475aab335bd7c365025ca0d0daa144b,,eligible,True
2fe6f165-3396-4abd-a0cd-07968d826828,b3c9ca27-6b77-4abd-92d5-45d48d34ba42.rna_seq.augmented_star_gene_counts.tsv,354c20fba28229053fb91d12d6552094,4228926,TCGA-91-6828,TCGA-91-6828-11A,a2ea00c0-232e-496b-bffb-20ce1b533099,Solid Tissue Normal,TCGA-91-6828-11A-01R-1858-07,eecca6e2e475aab335bd7c365025ca0d0daa144b,,eligible,True
afdf58d1-5814-4e78-a92e-26fbcc97da32,0a5dab01-33ff-41d1-8842-7b7f18a6efe0.rna_seq.augmented_star_gene_counts.tsv,96f4226c5a485e5eee3a6156d4b4ba05,4219971,TCGA-91-6828,TCGA-91-6828-01A,cfe0f0e4-d8bf-40ce-99f1-2bf99ceca18b,Primary Tumor,TCGA-91-6828-01A-11R-1858-07,eecca6e2e475aab335bd7c365025ca0d0daa144b,,eligible,True
fc757476-1d31-470b-b648-79608b201bdc,156a175b-b419-4089-8541-7318e3dee78a.rna_seq.augmented_star_gene_counts.tsv,fd4dab831f28f3a89edfa334c3a89fd9,4233530,TCGA-MP-A4TJ,TCGA-MP-A4TJ-01A,2cf77e0e-8054-4ec4-97a6-247c7c881c6f,Primary Tumor,TCGA-MP-A4TJ-01A-51R-A262-07,eecca6e2e475aab335bd7c365025ca0d0daa144b,,eligible,False
bb64143e-c48a-45c7-914b-4ec5bcea9e27,de6f3bfe-6e91-4894-a826-67ebf147a6f0.rna_seq.augmented_star_gene_counts.tsv,e31926497b25c82988750ae27ed5ac4b,4227951,TCGA-91-6849,TCGA-91-6849-11A,7f82cda9-daa0-469f-9157-e6c30171150f,Solid Tissue Normal,TCGA-91-6849-11A-01R-1949-07,eecca6e2e475aab335bd7c365025ca0d0daa144b,,eligible,True
cb061496-b611-48bb-9484-c6ca07f9951e,4b6faa2b-5b8d-4ee5-ac5d-aafa6d95327f.rna_seq.augmented_star_gene_counts.tsv,7a1e7f013be2ee8a3b3499df31923bd2,4234595,TCGA-64-5778,TCGA-64-5778-01A,92514fd2-a178-42e8-8929-0910558e7f87,Primary Tumor,TCGA-64-5778-01A-01R-1628-07,eecca6e2e475aab335bd7c365025ca0d0daa144b,,eligible,False
7a3f27a9-476d-43e2-abb8-db402f80dfcf,9ba0ff4b-4276-45ee-a543-a2e837777923.rna_seq.augmented_star_gene_counts.tsv,766e34e9da73695da4e71aece82960fd,4230618,TCGA-55-5899,TCGA-55-5899-01A,8e131477-b3c5-43ea-bb00-c3052e67c74b,Primary Tumor,TCGA-55-5899-01A-11R-1628-07,eecca6e2e475aab335bd7c365025ca0d0daa144b,,eligible,False
490ee22a-f171-4f7f-9d49-835afe7388c1,5241ced4-4a72-40dc-9698-a647fb6d03a4.rna_seq.augmented_star_gene_counts.tsv,d8ed276fbb9f4e5a0dc8f22de2db5dbd,4243977,TCGA-99-8028,TCGA-99-8028-01A,a1733a18-9fe8-4fed-a8d4-0d9dea6cefba,Primary Tumor,TCGA-99-8028-01A-11R-2241-07,eecca6e2e475aab335bd7c365025ca0d0daa144b,,eligible,False
41e96482-bc24-4a1a-8ef2-8ef4d525ad40,52e52b5d-4112-4616-8ddd-2a4524a91778.rna_seq.augmented_star_gene_counts.tsv,51fa05e5b8db6567c1f54ed18878ffd2,4227608,TCGA-50-6591,TCGA-50-6591-01A,0791e7aa-e97c-4dd0-9615-09ec7090f684,Primary Tumor,TCGA-50-6591-01A-11R-1755-07,eecca6e2e475aab335bd7c365025ca0d0daa144b,,eligible,False
26ea6a31-ea33-4bb9-814f-c0840dafe69e,09728f38-787f-4868-b28d-8cf6afa3c71b.rna_seq.augmented_star_gene_counts.tsv,aaf8cfc5d793ce80ece61c7e168c55dd,4230098,TCGA-05-5425,TCGA-05-5425-01A,89aa7c0e-a004-4338-899b-b99728889969,Primary Tumor,TCGA-05-5425-01A-02R-1628-07,eecca6e2e475aab335bd7c365025ca0d0daa144b,,eligible,False
21285d92-3596-4a82-91ae-a99e22479a3c,4f721842-9460-4376-b577-59c3731f34a6.rna_seq.augmented_star_gene_counts.tsv,d8b5726161df406be7d7bce03f7051ff,4217677,TCGA-64-5815,TCGA-64-5815-01A,4420aae3-3f44-4852-974d-74f155b99fe4,Primary Tumor,TCGA-64-5815-01A-01R-1628-07,eecca6e2e475aab335bd7c365025ca0d0daa144b,,eligible,False
593e91b8-cbcd-4dbf-95ed-9dce881a430b,8d438e20-04cb-4b39-b3a9-96a3a35de104.rna_seq.augmented_star_gene_counts.tsv,9f8c230a15bf3b782827f7c355f3eff4,4231720,TCGA-55-8513,TCGA-55-8513-01A,3c330531-cd16-4176-b67a-7997c4e518b5,Primary Tumor,TCGA-55-8513-01A-11R-2403-07,eecca6e2e475aab335bd7c365025ca0d0daa144b,,eligible,False
8fadb6d4-de92-4301-9b6e-7dd857fec978,e9efd91b-8824-456b-b650-1d0287efbbe8.rna_seq.augmented_star_gene_counts.tsv,bbbc217a5b46b7d27f4f894e02f09994,4223282,TCGA-95-7039,TCGA-95-7039-01A,745aaf77-a464-4363-b6e4-10d30ff947b8,Primary Tumor,TCGA-95-7039-01A-11R-1949-07,eecca6e2e475aab335bd7c365025ca0d0daa144b,,eligible,False
0765d9e8-0fec-46bc-832a-89945435d5b1,78bf9571-4145-4c0d-a61a-58a878351097.rna_seq.augmented_star_gene_counts.tsv,df8220816bbf3db26d528638d2f289fd,4248637,TCGA-L9-A50W,TCGA-L9-A50W-01A,b08432a7-891a-41ee-a2c0-10a994d01e00,Primary Tumor,TCGA-L9-A50W-01A-12R-A39D-07,eecca6e2e475aab335bd7c365025ca0d0daa144b,,eligible,False
